name,city,address,state,postal_code,stars,review_count
Smoky Mountain Pizzeria Grill,Boise,1805 W State St,ID,83702,3,71
Papa John's Pizza,Eagle,613 E State Street,ID,83616,3.5,9
Kindness,Boise,1109 W Main St,ID,83702,3.5,88
Good Burger,Boise,7610 W State St,ID,83714,2.5,10
Dry Creek Mercantile,Boise,5892 W Hidden Springs Dr,ID,83714,3.5,31
Confucius Restaurant,Boise,8775 W Fairview Ave,ID,83704,2.5,41
Pineapple Express,Meridian,499 S Main St,ID,83642,3.5,36
Yokozuna Teriyaki,Boise,824 S Vista Ave,ID,83705,3.5,96
River City Coffee & Cafe,Boise,5517 W State St,ID,83703,3.5,41
Garbonzo's Pizza,Meridian,710 W Ustick Rd,ID,83646,3.5,26
Cazba,Boise,211 N 8th St,ID,83702,4,49
Happy Teriyaki - Broadway BSU,Boise,1011 Broadway Ave,ID,83706,3.5,14
Mount Everest Momo Cafe,Boise,2144 S Broadway Ave,ID,83706,4.5,269
Tacos El Rey #2,Garden City,4116 W Chinden Blvd,ID,83714,4,38
Koco Bell,Boise,"13601 W McMillan Rd, Ste 104",ID,83713,5,55
Sonic Drive-In,Boise,851 N Orchard,ID,83706,1.5,20
Shari's Cafe & Pies,Meridian,895 S Progress Ave,ID,83642,3,42
Frog's Fix Coffee Parlor,Boise,701 S Latah,ID,83705,4.5,54
Jimmy John's,Boise,7300 W State St,ID,83714,2.5,26
O'michael's Pub & Grill,Boise,2433 N Bogus Basin Rd,ID,83702,3.5,23
Sunshine Spice Bakery & Cafe,Boise,6911 W Fairview Ave,ID,83704,5,41
Bittercreek Alehouse,Boise,246 N 8th St,ID,83702,4.5,998
Taqueria El Torito,Boise,4628 W State St,ID,83703,4,74
Das Alpenhaus Delikatessen,Boise,1340 S Vista Ave,ID,83705,4.5,71
Burger King,Boise,8515 W Fairview Ave,ID,83704,3,12
Doug's Burger Den,Eagle,231 E State St,ID,83616,2.5,30
Taco John's,Meridian,1410 W Mcmillan Rd,ID,83646,3,22
Jack in the Box,Boise,3220 N Cole Rd,ID,83704,2.5,11
Sub Zero Nitrogen Ice Cream,Boise,1575 N Milwaukee,ID,83704,3.5,42
Cosmic Pizza,Boise,1221 W Boise Ave,ID,83706,2.5,7
Twisted District Brew Co.,Garden City,"3840 W Chinden Blvd, Ste 110",ID,83714,4.5,41
Moon's Kitchen Cafe,Boise,6767 W Fairview Ave,ID,83704,3,49
Carl's Jr,Boise,1700 W State St,ID,83702,2,20
Cottonwood Grille,Boise,913 W River St,ID,83702,3,227
Spitfire Pizza,Boise,2450 South Vista Ave,ID,83705,4.5,196
Popeyes Louisiana Kitchen,Boise,1612 S Broadway Ave,ID,83706,2.5,23
The Funky Taco,Boise,801 W Bannock,ID,83702,4.5,225
Pho 79,Boise,7310 W State St,ID,83714,3,42
Country Pride Restaurant,Boise,4115 South Broadway Ave,ID,83705,3.5,10
Tasso,Eagle,342 E State St,ID,83616,4.5,103
Los Betos,Meridian,3143 E Magic View Dr,ID,83642,3,102
Golden Wok,Garden City,3948 W Chinden Blvd,ID,83714,3,66
Asian Wok,Boise,3504 W State St,ID,83703,2.5,14
Burger King,Boise,4800 Overland Rd,ID,83705,1.5,18
Shari's - Garden City,Garden City,8121 W Chinden Blvd,ID,83714,3,35
The Perks of Life,Eagle,"1540 E Iron Eagle Dr, Ste 130",ID,83616,4.5,79
Taco Bell,Boise,6521 Fairview Ave,ID,83704,1.5,31
Papa Murphy's,Meridian,3015 W McMillan Road,ID,83646,3,10
Pizza Twist,Boise,1505 Bdwy Ave,ID,83706,4,12
Gandolfo's Deli,Boise City,8151 W Fairview Ave,ID,83704,3.5,5
Great Harvest Bread Co Meridian,Boise,12570 Fairview Ave,ID,83713,4.5,52
Madre - Boutique Taqueria,Boise,1034 S La Pointe St,ID,83706,4.5,141
Fork,Boise,199 N 8th St,ID,83702,4,1810
Sweet Sensation Donuts,Meridian,"1735 W Franklin Rd, Ste 120",ID,83642,4.5,99
Emerald Lanes,Boise,4860 W Emerald St,ID,83706,3,25
Mandarin Palace,Boise,5020 W Franklin Rd,ID,83705,2.5,33
Bluwave Street Tacos,Boise,7609 W Overland Rd,ID,83709,3.5,16
Sakana Japanese Sushi & Steak House,Meridian,1718 S Eagle Rd,ID,83642,3,156
Sushi Shack,Boise,,ID,83712,4,15
The Rusty Dog,Boise,,ID,83704,4.5,13
Big Daddy's BBQ,Meridian,"1551 W Cherry Ln, Ste 102",ID,83642,4,204
Le Coq Rouge,Boise,1320 S Maple Grove Rd Boise,ID,83709,4.5,37
Lindy's Steak House,Boise,12249 W Chinden Blvd,ID,83713,3,56
Dairy Queen Grill & Chill,Boise,5711 Franklin Rd,ID,83705,2.5,20
Goldy's Corner,Boise,625 W Main St,ID,83702,4,69
Baskin-Robbins,Boise,7172 W Fairview Ave,ID,83704,3,13
Ruth's Chris Steak House,Boise,"800 W Main St, Ste 110",ID,83702,4,179
Moe Joe's Breakfast Eatery,Meridian,"2951 E Overland Rd, Ste 190",ID,83642,4.5,697
The Stuffed Olive,Eagle,404 S Eagle Rd,ID,83616,4,135
Blue Toro,Eagle,"600 S Rivershore Ln, Ste 170",ID,83616,3.5,43
Azteca Taco Truck,Boise,6th & State St,ID,83702,3.5,11
Eddie's Wood-Fired Dogs,Boise,2325 Apple St,ID,83706,4,5
Good Burger,Boise,1003 W Main St,ID,83702,4,42
Calle 75 Street Tacos,Meridian,3635 E Longwing Ln,ID,83646,3.5,111
Gandolfo's New York Delicatessen,Meridian,2020 E Overland Rd Ste 130,ID,83642,3,6
Jack in the Box,Boise,7040 W State St,ID,83714,2.5,10
The Original Sunrise Cafe,Meridian,2032 E Overland Rd,ID,83642,3,37
Jersey Mike's Subs,Boise,"7610 West State St, Ste 102A",ID,83714,3.5,53
La Cabanita Mex 4,Meridian,499 S Main St,ID,83642,4.5,23
The Brickyard,Boise,601 W Main St,ID,83702,4,343
Speedy Burger,Boise,1680 N Westland Dr,ID,83704,3.5,9
Latin Twist,Boise,Beacon St & Boise Ave,ID,83706,5,5
Applebee's Grill + Bar,Garden City,7025 N Glenwood St,ID,83714,2.5,39
Tom Sweenys Dutch Oven Cafe,Boise,1621 N Orchard,ID,83706,4,25
Uncle Giuseppe's,Garden City,6826 Glenwood St,ID,83714,4.5,184
Taco Veloz,Boise,6710 W Fairview Ave,ID,83704,4.5,29
Devil’s Den,Boise,"204 N Capitol Blvd, Ste 10",ID,83702,4.5,22
Eastside Tavern,Boise,610 E Boise Ave,ID,83706,3.5,14
Fresh Healthy Cafe,Boise,860 W Broad St,ID,83702,4.5,58
Pino's Fine Spirits and Grinders,Boise,10697 W Ustick Rd,ID,83713,4.5,31
Domino's Pizza,Boise,5000 W State St,ID,83703,2,22
Burger Belly,Boise,1079 Broadway Ave,ID,83706,4,81
Busters Restaurant,Boise,1326 Broadway Ave,ID,83706,2.5,13
Adelitas Food Truck,Boise,1800 W Overland Rd,ID,83705,4.5,22
Izumi Japanese Steakhouse,Meridian,3560 N Eagle Rd,ID,83646,4,281
Panda Garden,Boise,2801 W Overland Rd,ID,83705,3,107
Red Robin Gourmet Burgers and Brews,Meridian,1475 N Eagle Rd,ID,83642,2.5,162
Fat Guy's Fresh Deli,Meridian,"1626 S Wells Ave, Ste 100",ID,83642,4.5,265
Taste Asian Fusion Bistro,Boise,1473 S Five Mile,ID,83709,4.5,67
Subway,Boise,"2404 S Orchard St Space, Ste 3",ID,83705,2.5,8
Mi Casa Mexican Restaurant,Meridian,"3223 E Louise Dr, Ste 108",ID,83642,4,234
The Edge,Boise,1105 W Idaho St,ID,83702,3,6
Cupbop - Korean BBQ,Boise,298 N 8th St,ID,83702,4,13
Water Bear Bar,Boise,"350 N 9th St, Ste 100",ID,83702,4.5,47
Cracker Barrel Old Country Store,Boise,1733 S Cole Rd,ID,83709,3.5,146
Sono Bana,Boise,303 N Orchard St,ID,83706,3.5,25
Shanaz,Meridian,520 S Main St,ID,83642,4.5,71
Bad Boy Burgers Deluxe,Boise,6875 S Federal Way,ID,83716,4,15
Papa John's Pizza,Boise,"8162 W Overland Rd, Ste 12",ID,83714,2.5,5
Taziki's Mediterranean Cafe - Downtown Boise,Boise,505 West Idaho Street Suite,ID,83702,4.5,7
Eddie's Restaurant,Boise,7067 W Overland Rd,ID,83709,4,89
Eureka!,Boise,800 W Idaho St,ID,83702,4,392
Chandlers,Boise,981 W Grove St,ID,83702,4.5,499
Amsterdam Lounge,Boise,609 W Main St,ID,83702,3.5,60
Subway,Meridian,795 W Overland Rd,ID,83642,2,5
Red Robin Gourmet Burgers and Brews,Boise,211 W Parkcenter Blvd,ID,83706,2.5,91
Andy's Deli,Boise,840 W Idaho St,ID,83702,4.5,58
Taco Cow,Meridian,"2032 E Overland Rd, Ste 115",ID,83642,3.5,17
Lost Shack,Boise,"3724 S Eckert Rd, Ste 110",ID,83716,4,37
Tacos Mobile Primo,Boise,58055811 W Franklin Rd,ID,83709,5,5
Pizza Hut,Meridian,"675 S Progress Ave, Ste D",ID,83642,1.5,12
Taco Time,Boise,6940 W Overland Rd,ID,83709,3.5,11
Ramen Sho,Meridian,"520 S Main St, Ste 96",ID,83642,4,195
Firehouse Subs,Boise,1569 N Milwaukee St,ID,83704,4,46
Jack in the Box,Meridian,"3010 E Goldstone Dr Unit E, Unit E",ID,83642,3,13
Roast Coffee Bar & Roasting Facility,Boise,1035 S Lusk St,ID,83706,4,18
Homestead Bar & Grill,Meridian,"6275 N Linder Rd, Ste 100",ID,83646,3.5,221
Bungalow,Boise,1520 N 13th St,ID,83717,3,5
Idaho Pizza Company,Boise,1677 S Broadway Ave,ID,83706,3.5,56
Big Mike's Tids & Bits,Boise,9990 W State St,ID,83713,4.5,14
Barnyard Kitchen and Bar,Meridian,1435 N Eagle Rd,ID,83642,3.5,41
Quinn's Restaurant & Lounge,Boise,1005 Vista Ave,ID,83705,3,75
State & Lemp,Boise,2870 W State St,ID,83702,4.5,82
K-Fusion Korean BBQ,Boise,1716 S Broadway Ave,ID,83706,4,84
Casanova Pizzeria,Boise,2431 W Fairview Ave,ID,83702,4.5,30
Vons Chicken,Boise,650 S Vista Ave,ID,83705,4.5,27
Buzz Coffee & Cafe,Boise,2999 N Lakeharbor Ln,ID,83703,4.5,7
Mountain Timber Coffee,Meridian,106 E Williams St,ID,83642,4.5,46
North Shore Hot Dog,Boise,904 W Main St,ID,83702,4,6
Bruchi's CheeseSteaks & Subs,Meridian,1793 W Chinden Blvd,ID,83646,4,97
Indulge Boise Food Tours,Boise,,ID,83707,5,26
Hello Dinner,Boise,12646 W Fairview Ave,ID,83713,3.5,18
Brixx Craft House,Boise,"7700 W State St, Ste 100",ID,83714,4,115
Steve's Cafe,Meridian,"2483 E Fairview Ave, Ste 105",ID,83642,4,110
Double Tap Pub,Boise,409 S 8th St,ID,83702,3.5,76
Blue Moose Cafe,Eagle,79 Aikens Rd,ID,83616,2.5,51
Superb Sushi,Boise,"208 N 8th St, Ste 104",ID,83702,3.5,74
Firehouse Subs,Meridian,2830 N Eagle Rd,ID,83646,3.5,44
Busters Grill and Sports Bar,Eagle,1396 E State St,ID,83616,2.5,74
Joe Momma's,Meridian,3510 N Eagle Rd,ID,83646,4,581
Dairy Queen Grill & Chill,Meridian,4849 N Meridian Rd,ID,83646,2.5,15
Flying Pie Pizzaria,Boise,6508 W Fairview Ave,ID,83704,4,231
Windingcreek Grill,Eagle,1065 Winding Creek Rd,ID,83616,3.5,46
Native Grill & Wings,Boise,7700 State St,ID,83714,3,34
Iceberg Drive Inn,Meridian,3450 N Eagle Rd,ID,83646,3,6
Taco Time,Boise,7965 W Fairview Ave,ID,83704,3.5,16
Smashburger,Meridian,"3223 E Louise Dr, Ste 100",ID,83642,3.5,68
The Old Spaghetti Factory,Boise,610 W Idaho St,ID,83702,2.5,25
Applebee's Grill + Bar,Boise,7845 West Emerald,ID,83704,3,35
Idaho Pizza Company,Meridian,405 E Fairview Ave,ID,83642,3.5,98
Bardenay Restaurant & Distillery - Boise,Boise,610 W Grove St,ID,83702,4,553
KFC,Boise,3545 S Federal Way,ID,83705,2,12
Wendy's,Boise,1450 S Orchard St,ID,83705,1.5,8
The Broken Yolk Cafe ,Meridian,"3110 W Quintale Dr, Ste 110",ID,83646,3.5,83
Twigs Bistro and Martini Bar,Meridian,"3690 E Monarch Sky Ln, Ste 100",ID,83646,3.5,207
Freddy's Frozen Custard & Steakburgers,Boise,2143 S Broadway Ave,ID,83706,4.5,7
Yanaki Japanese Restaurant & Asian Cuisine,Boise,650 S Vista Ave,ID,83705,4.5,21
Sunrise Cafe,Boise,4202 W Overland Rd,ID,83705,3,37
Varsity Sports Bar & Grill,Boise City,3201 Airport Way,ID,83705,2,8
Domino's Pizza,Boise,2132 S Broadway Ave,ID,83706,2,11
Stagecoach Inn Restaurant & Lounge,Garden City,3132 W Chinden Blvd,ID,83714,4,137
13th Street Pub & Grill,Boise,1520 N 13th St,ID,83702,3.5,212
TriLIFE Nutrition,Eagle,"78 E Eagle River St, Ste 115",ID,83616,5,5
Raedeans Restaurant,Boise,4969 W Overland Rd,ID,83705,4,17
Mad Mac,Boise,"7709 W Overland Rd, Ste 120",ID,83709,3.5,83
IHOP,Meridian,3525 E Fairview Ave,ID,83642,2.5,59
Legends Pub & Grill,Boise,"7609 W Overland Rd, Ste 100",ID,83709,3,131
Aladdin Egyptian Cuisine,Boise,350 N Milwaukee St,ID,83704,4,17
Pho Tam,Boise,1098 N Orchard St,ID,83706,3.5,53
Cucina Di Paolo,Boise,1504 S Vista Ave,ID,83705,4.5,208
Bosnia Express Boex,Boise,4846 Emerald St,ID,83706,4.5,111
Jon Smith Subs,Meridian,"150 STen Mile Rd, Ste 140",ID,83642,3.5,39
Porterhouse,Eagle,600 S Rivershore Ln,ID,83616,4.5,65
Osaka Japan,Boise,"350 N Milwaukee St, Upper Level Food Court",ID,83704,3,7
Shige Japanese Cuisine,Boise,"100 N 8th St, Ste 215",ID,83702,3.5,137
Guido's Original New York Style Pizza,Boise,"12375 W Chinden Blvd, Ste G",ID,83713,4,112
Fanci Freez,Boise,1402 W State St,ID,83702,3.5,182
Tres Bonne Cuisine,Boise,6555 Overland Rd,ID,83709,4,13
Dharma Sushi & Thai,Boise,624 W Idaho St,ID,83702,3.5,186
Sarah's Bagel Cafe Idaho,Boise,840 W Idaho St,ID,83702,4.5,21
Baan Thai,Eagle,78 Eagle River St,ID,83616,3.5,9
State Street Kitchen & Drinkery,Boise,3515 W State St,ID,83703,4.5,13
IHOP,Boise,3599 S Federal Way,ID,83705,3,34
Angell's Bar and Grill,Boise,999 W Main St,ID,83702,2.5,83
New Garden Chinese Restaurant,Boise,4624 W State St,ID,83703,3.5,45
Basilio's Mexican Tacos,Boise City,,ID,83709,4,64
Warm Springs Golf Course,Boise,2495 Warm Springs Ave,ID,83712,3.5,11
Tamales Nelly,Boise,"7609 W Overland Rd, Unit 130",ID,83709,5,8
Elmer's Restaurant,Boise,1385 S Capitol Blvd,ID,83706,4,222
Subway,Meridian,6700 N Linder Rd,ID,83646,2.5,7
The Egg Factory,Boise,6882 W State St,ID,83714,3,38
The Saladman,Boise,1716 S Broadway Ave,ID,83706,4,6
R&R BBQ,Meridian,"3680 E Fairview Ave, Ste 110",ID,83642,3.5,62
Krispy Kreme,Meridian,1525 N Eagle Rd,ID,83642,2.5,64
Fit Donut,Meridian,"1330 E Fairview Ave, Ste 105",ID,83642,4,65
Lovejoy's Real Ice Cream,Meridian,"1760 S Meridian Rd, Ste 101",ID,83642,5,29
Jack in the Box,Boise,2611 S Broadway Ave,ID,83706,2,15
Sarah's Bagel Cafe Meridian,Meridian,"450 S Meridian Rd, Ste 15",ID,93642,3.5,45
Pho Le,Boise,2146 S Broadway Ave,ID,83706,4,179
Amigos Mexican Restaurant,Boise,2919 W State St,ID,83702,4,96
Pizza Hut,Meridian,"3325 N Ten Mile Rd, Ste 150",ID,83646,2.5,8
MickeyRay's,Eagle,395 W State St,ID,83616,3,44
Bad Boy Burgers,Boise,815 S Vista Ave,ID,83705,3.5,85
Modern Hotel,Boise,1314 W Grove St,ID,83702,4,275
Bluwave Tacos,Boise,,ID,83709,4,5
Stan's Char-Broiled Hot Dogs,Boise City,818 S Vista Ave,ID,83705,3.5,15
KFC,Boise,13375 W Chinden Blvd,ID,83713,2,21
Papa Murphy's,Boise,1022 S Vista Ave,ID,83705,4.5,8
Spice Indian Cuisine,Meridian,"3223 E Louise Dr, Ste 106",ID,83642,4,142
#1 Mongolian BBQ - Best Stir Fried Noodles In Boise,Boise,"8249 W Overland Rd, Ste 180",ID,83709,3.5,51
McDonald's,Eagle,178 S Eagle Rd,ID,83616,2,30
Two Guys Cookin,Meridian,,ID,83642,5,6
Whitewater Pizza & Pasta,Meridian,"3223 E Louise Dr, Ste 104",ID,83642,3,27
Squeeze In,Eagle,"228 East Plaza Dr, Ste F",ID,83616,4.5,79
Deluca’s,Boise,"855 W Broad St, Ste 250",ID,83702,4,25
Papa Joe's Italian Restaurant and Bar,Boise,1301 S Capitol Blvd,ID,83706,3.5,144
Mad Mac,Boise,,ID,83706,3.5,15
Miss Tami's Cottage and Tea Room,Meridian,1031 N Main St,ID,83642,4,9
El Habanero,Boise,380 N Five Mile Rd,ID,83709,4.5,14
Clucks Nashville Hot,Meridian,"3223 E Louise Dr, Ste 100",ID,83642,3.5,26
Ed's 50's Cafe,Meridian,979 S Meridian Rd,ID,83642,4,51
Kneaders Bakery & Cafe,Meridian,3450 N Eagle Rd,ID,83646,3.5,167
Yen Ching,Boise,305 N 9th St,ID,83702,3.5,177
USF Moving Company,Boise,"1111 S Orchard St, Ste 117",ID,83705,4,10
Kibrom's Restaurant,Boise,"3506 W State St, Ste 100",ID,83703,4.5,171
Cafe Rio Mexican Grill,Boise,980 Broadway Ave,ID,83706,2.5,22
Superb Sushi,Boise,2594 N Bogus Basin Rd,ID,83702,2.5,7
Le Cafe De Paris,Boise,204 N Capitol Blvd,ID,83702,4,55
Wendy's,Boise,3680 State Street,ID,83703,2,10
Potter's Tea House,Meridian,917 N Main St,ID,83642,5,10
Bono's Real Chicago Food,Meridian,"6700 N Linder Rd, Ste 192",ID,83646,2,94
Kibrom's Restaurant,Boise,500 S 8th,ID,83705,4.5,40
Broken Tap Tavern,Boise,"6555 W Overland Rd, Ste 150",ID,83709,5,6
Saint Lawrence Gridiron,Boise,705 W Bannock St,ID,83702,4,254
Arby's,Eagle,2892 E State St,ID,83616,3,6
QDOBA Mexican Eats,Meridian,"3068 E Overland Rd, Ste 100",ID,83642,2.5,33
Montego Bay,Boise,3000 N Lakeharbor Ln,ID,83703,2.5,8
Gandolfo's New York Delicatessen,Meridian,"1410 W McMillan Rd, Ste 110",ID,83646,4.5,6
The Front Door,Boise,105 S 6th St,ID,83702,4.5,216
Land Ocean Restaurant - Meridian,Meridian,2902 N Eagle Rd,ID,83646,4,43
Kanak Attack,Meridian,499 S Main St,ID,83642,4,38
The Ketogenic Reset - Nutrition Lifestyle Coaching,Eagle,"233 W State St, Ste A",ID,83616,5,15
Broadway Deli,Boise,2789 Broadway Ave,ID,83706,4,8
Home Team Sports,Boise,,ID,83701,3,5
Pizza Hut,Meridian,1752 W Cherry Ln,ID,83642,1.5,15
The Tortilla Factory Mexican Grill,Boise,1492 S Entertainment Ave,ID,83709,4,109
Ling & Louie's Asian Bar and Grill,Meridian,3210 E Louise Dr,ID,83642,3.5,298
Idaho Burger,Eagle,360 S Eagle Rd,ID,83616,3.5,5
McDonald's,Meridian,3415 W Cherry Ln,ID,83642,2,16
Quik-Wok,Boise,4858 W Overland Rd,ID,83705,2,53
Lolita’s Tacos,Boise,1899 W Boise Ave,ID,83706,4,12
Black Bear Diner,Boise,1731 S Entertainment Ave,ID,83709,3.5,246
Which Wich,Meridian,"2126 N Eagle Rd, Ste 140",ID,83646,3,39
Construction Zone Bar & Grill,Meridian,229 W Franklin Rd,ID,83642,4,5
Smoky Mountain Pizzeria Grill,Eagle,127 E State St,ID,83616,4,156
Café Zupas,Meridian,"2148 N Eagle Rd, Ste 100",ID,83646,3.5,125
Rolling Tacos,Boise,10577 W Fairview Ave,ID,83704,3.5,5
China Palace,Eagle,625 E State St,ID,83616,3.5,55
Chiang Mai House Thai Restaurant,Boise,4898 Emerald St,ID,83706,3.5,143
Barrigas Mexican Restaurant,Garden City,3447 W Chinden Blvd,ID,83714,4.5,46
Golden Corral Buffet & Grill,Boise,8460 W Emerald St,ID,83704,3.5,57
McDonald's,Boise,9804 Fairview Ave,ID,83704,2.5,8
Texas de Brazil,Meridian,3525 E Longwing Ln,ID,83642,3,92
Happy Teriyaki,Meridian,2310 E Overland Rd,ID,83642,4,93
Wepa Cafe,Garden City,175 E 35th St,ID,83714,4.5,23
Native Taters Café,Boise,Boise Ave & Protest,ID,83706,5,6
Nara Ramen & Izakaya - Boise,Boise,"7610 W State St., Ste 130",ID,83714,4,14
Smashburger,Boise,3201 W Airport Way,ID,83705,2,81
Bodovino,Boise,404 S 8th St,ID,83702,4,159
Twin Peaks Boise,Boise,7751 W Spectrum St,ID,83709,3.5,123
The Lift Bar & Grill,Boise,4091 W State St,ID,83703,3.5,108
Chili's,Boise,916 S Broadway Ave,ID,83706,2.5,51
The Tailgate Taphouse,Boise,815 W Ann Morrison Park,ID,83706,2.5,52
Willowcreek Grill & Raw Sushi Restaurant,Boise,2273 S Vista Ave,ID,83705,4,177
Quiznos,Eagle,"664 S Rivershore Ln, Ste 166",ID,83616,3.5,5
Corona Village,Boise,4334 W State St,ID,83703,4,54
Boise Fry Company,Boise,204 N Capitol Blvd,ID,83702,4,704
Sizzler,Boise,459 N Cole Rd,ID,83704,3,40
Panda Garden,Meridian,2032 E Overland Rd,ID,83642,3.5,38
Reef,Boise,105 S 6th St,ID,83702,4,294
Terri's Cafe,Meridian,"2483 E Fairview Ave, Ste 105",ID,83642,4.5,84
Big Jud's,Boise,1289 S Protest Rd,ID,83706,4,239
Mongolian BBQ,Boise,1808 Broadway Ave,ID,83706,4,66
Teriyaki Madness,Meridian,"1653 W Island Green, Ste 130",ID,83646,3.5,29
North End Pizza,Boise,1513 North 13th St,ID,83702,4,90
Sunrise Cafe,Boise,6767 W Fairview Ave,ID,83704,3.5,35
The Griddle,Eagle,177 Eagle River St,ID,83616,3.5,169
Tavern At Bown Crossing,Boise,3111 S Bown Way,ID,83706,3.5,173
Bardenay Restaurant & Distillery - Eagle,Eagle,155 E Riverside St,ID,83616,4,351
International Express,Meridian,1551 W Cherry Ln,ID,83642,3.5,12
Anthony's Boise,Boise,959 W Front St,ID,83702,4,43
BBQ4LIFE,Boise,930 S Vista Ave,ID,83705,4,532
Jalapeños Bar & Grill Broadway,Boise,1555 S Broadway Ave,ID,83706,4,20
Jimmy John's,Meridian,2959 N Eagle Rd,ID,83646,3.5,37
U-Swirl,Meridian,"3319 N Eagle Rd, Ste 115",ID,83646,4,21
Rockin’ Q BBQ Company,Boise,,ID,83709,4,11
Cacicia's Old World Sicilian Foods,Meridian,"3630 E Monarch Sky Ln, Ste 100",ID,83646,3,17
Quik Wok,Boise,2775 Broadway Ave,ID,83706,2.5,14
Fiesta Guadalajara,Meridian,704 E Fairview Ave,ID,83642,3,65
Pizza Hut,Boise,10659 W Fairview Ave,ID,83713,2.5,9
The Shed,Boise,1010 La Pointe,ID,83706,4,140
Chuck-A-Rama Buffet,Boise,7901 W Overland Rd,ID,83709,3.5,73
Boise Fry Company,Meridian,"1240 W Chinden Blvd, Ste 100",ID,83646,2.5,22
Wild West Home of Mamma Italia,Eagle,83 E State St,ID,83616,3.5,135
Gyro Shack,Meridian,1050 E Fairview Ave,ID,83642,4,44
Rancheritos,Boise,8117 W Chinden Blvd,ID,83714,3.5,9
San Francisco Sourdough Eatery,Meridian,2044 S Eagle Rd,ID,83642,4.5,74
Brewforia Beer Market,Meridian,"3030 E Overland Rd, Ste 100",ID,83642,4,52
Domino's Pizza,Boise,8966 W Ardene St,ID,83709,3,15
Little Caesars,Meridian,"120 E Fairview Ave, Ste 120",ID,83642,2.5,9
Subway,Boise,"13601 W Mcmillan Rd, Space 109, McMillan's Corner Shopping Center",ID,83713,3.5,6
Reel Foods Fish Market & Oyster Bar,Boise,1118 S Vista Ave,ID,83705,4.5,113
Cinco De Mayo,Boise,10386 Ustick Rd,ID,83704,2.5,5
Tiki Teriyaki Burger Time,Boise,1273 S Orchard St,ID,83705,3.5,26
Sunrise Family Restaurant,Boise,7135 W State St,ID,83714,3.5,13
La Tapatia Restaurant,Boise,401 W Parkcenter Blvd,ID,83706,3.5,110
McDonald's,Meridian,1710 E Fairview Ave,ID,83642,2,18
Freddy's Frozen Custard & Steakburgers,Meridian,3180 E Lanark St,ID,83642,3.5,109
Idaho Pizza Company,Boise,7444 W Fairview Ave,ID,83704,4,59
The Dutch Goose,Boise,3515 W State St,ID,83703,3.5,78
The Flicks: Rick's Cafe Americain,Boise,646 W Fulton St,ID,83702,4.5,51
Domino's Pizza,Boise,10396 W Fairview Ave,ID,83704,2,31
Westside Drive-In,Boise,1113 Parkcenter Blvd,ID,83706,3,98
Gino's Italian Ristorante,Meridian,"3015 W Mcmillan Rd, Ste 108",ID,83646,4,365
Amir,Boise,201 W Boise Ave,ID,83706,4.5,22
Fortune Wok,Garden City,5161 Glenwood St,ID,83714,3.5,14
Cafe'ole'restaurants,Boise,"404 S 8th St, Ste 216",ID,83702,2.5,29
Yard House,Meridian,"3693 E Longwing Ln, Ste 140",ID,83646,3.5,469
LongHorn Steakhouse,Boise,7997 Franklin Rd,ID,83709,3.5,140
Full Steam Bistro,Boise,920 E Park Blvd,ID,83712,4,19
Goodwood Barbecue Company,Meridian,1140 N Eagle Rd,ID,83642,4,247
Azteca Mexican Grill,Boise,10386 W Ustick Rd,ID,83704,3.5,43
China Grand Buffet,Boise,10498 W Fairview Ave,ID,83704,3.5,123
North End Chinese Rest,Boise,1806 W State St,ID,83702,2.5,47
Grind Modern Burger,Boise,705 W Fulton St,ID,83702,4,112
The Kilted Kod Nampa Caldwell,Nampa,,ID,83646,4.5,7
CopenRoss Growlers,Boise,5120 W Overland Rd,ID,83705,4.5,27
Top Wok,Boise,"12375 W Chinden Blvd, Ste C",ID,83713,3,30
Starbucks,Boise,13681 W Chinden Blvd,ID,83713,3.5,10
Pizza Hut,Eagle,398 S Eagle Rd,ID,83616,2.5,6
Sonic Drive-In,Garden City,6701 N Glenwood St,ID,83714,2.5,12
Twisted Timber Tavern,Boise,4563 S Cloverdale Rd,ID,83709,4,71
Margherita Pizza,Meridian,"3223 E Louise Dr, Ste 102",ID,83642,4.5,39
Sid's Garage,Boise,1003 West Main St,ID,83702,4.5,38
Raw Sushi,Boise,2273 S Vista Ave,ID,83705,3,56
Sweetwater's Tropic Zone,Boise,205 N 10th St,ID,83702,3.5,6
Jersey Mike's Subs,Boise,"1624 S Broadway Ave, Suite120",ID,83706,3,36
Drunken Koi Sushi Lounge,Eagle,"1065 E Winding Creek, Ste 100",ID,83616,4.5,5
Papa John's Pizza,Boise,1323 Broadway Avenue,ID,83706,2.5,18
A Taste of Thai,Boise,8053 W Emerald St,ID,83704,3.5,42
Burger King,Boise,6490 S Eisenman Rd,ID,83716,3.5,10
Paddles Up Poke,Boise,13601 W McMillan Rd,ID,83713,4.5,31
Chowobunga,Meridian,231 N Main St,ID,83642,5,7
Soda Stop,Meridian,"2845 E Overland Rd, Ste 100",ID,83642,3.5,21
Golden Wheel Drive-In,Boise,11100 W Fairview Ave,ID,83713,3.5,39
Papa Murphy's,Boise,"10785 W Lake Hazel Rd, Ste 100",ID,83709,2.5,16
Zutto Japanese Restaurant,Boise,615 W Main St,ID,83702,4,5
Tropical Smoothie Cafe,Boise,1115 S Broadway Ave,ID,83706,4.5,6
Bru,Boise,132 N 8th St,ID,83702,4,20
Flatbread Neapolitan Pizzeria,Boise,"800 W Main St, Ste 230",ID,83702,4,189
Dickey's Barbecue Pit,Garden City,6708 N Glenwood St,ID,83714,3.5,37
Kopper Kitchen,Boise,2661 Airport Way,ID,83705,3.5,125
Del Taco,Meridian,3101 E Magic View Dr,ID,83642,2.5,24
Sonic Drive-In,Meridian,1535 Celebration Ave,ID,83642,2,24
Hungry Onion Drive-In,Meridian,334 N Main St,ID,83642,3,33
Guru Donuts,Eagle,"2826 S Eagle Rd, Ste 120",ID,83616,3.5,25
Big Jud's Meridian,Meridian,"3030 E Overland Rd, Ste 100",ID,83642,4,87
Hotel 43,Boise,981 W Grove St,ID,83702,3.5,101
Big Star Coffee,Eagle,94 N Fisher Park Way,ID,83616,4,5
The Refuge,Boise,404 E Park Center Blvd,ID,83706,3.5,78
McDonald's,Boise,8571 W Franklin Rd,ID,83709,2,10
Los Betos,Boise,5220 W Fairview Ave,ID,83706,2.5,49
Maru Sushi,Boise,"9140 W Emerald St, Ste 300",ID,83704,4,189
Lorena's Mexican Grill,Boise City,9110 W Fairview Ave,ID,83704,4.5,77
Jack in the Box,Meridian,207 E Fairview Ave,ID,83642,2,21
Burger N Brew,Boise,4295 W State St,ID,83703,3.5,50
Pizza Hut,Boise,10244 W Overland,ID,83709,2.5,12
Coa De Jima,Boise,615 W Main St,ID,83702,4.5,22
Panera Bread,Boise,8401 W Franklin Rd,ID,83709,3,60
Crave Kitchen & Bar,Eagle,165 E Colchester Dr,ID,83616,4.5,186
Poké Vibes,Boise,"13601 W McMillan Rd, Ste 104",ID,83713,4.5,12
Oriental Express,Boise,110 N 11th St,ID,83702,4,17
Olive and Vyne,Eagle,"600 S Rivershore Ln, Ste 160",ID,83616,5,25
Jimmy John's,Boise,1590 S Vista Ave,ID,83705,3,30
Idaho Pizza Company,Boise,6724 N Glenwood St,ID,83714,4,38
Dong Khanh Vietnamese Restaurant,Boise,2137 S Broadway,ID,83706,4,52
Blimpie,Boise,1122 S Vista Ave,ID,83705,3.5,6
Bangkok Thai Restaurant,Boise,477 N Milwaukee St,ID,83704,4,128
Panera Bread,Meridian,3421 N Eagle Rd,ID,83646,3,81
Halal Meat Market and Restaurant,Boise,602 N Orchard St,ID,83706,4.5,5
Sakana Sushi Bar and Grill,Boise,925 S Vista Ave,ID,83705,4,172
Papa Murphy's,Boise,1738 West State Street,ID,83702,3,9
Fiesta Guadalajara A Family Mexican Restaurant,Eagle,"3210 E Chinden Blvd, Ste 100",ID,83616,3,39
Gramercy Park Pub And Grill,Meridian,"1626 Wells Ave, Ste 115",ID,83642,4,202
Dutch Bros Coffee,Meridian,5072 N Linder Rd,ID,83646,4,29
QDOBA Mexican Eats,Boise,590 S Broadway Ave,ID,83702,2.5,22
Asiago's,Boise,1002 W Main St,ID,83702,3.5,253
Bistro Babe,Boise,,ID,83716,5,5
Papa Murphy's,Meridian,3317 West Cherry Lane,ID,83642,3,13
Timeout Sports Pub & Restaurant,Boise,7751 W Spectrum St,ID,83709,2.5,6
McDonald's,Boise,7811 Fairview Ave,ID,83704,2,12
Sam's Place,Boise,3395 N Five Mile Rd,ID,83713,3,23
Wendy's,Boise,8100 W Franklin Rd,ID,83709,2,13
Diablo & Sons Saloon,Boise,246 N 8th St,ID,83702,4,196
Tin Roof Tacos,Meridian,1750 W McMillan Dr,ID,83646,3.5,147
Hugo's Deli,Meridian,950 E Fairview Ave,ID,83642,4.5,56
Guang Zhou,Boise,"7609 W Overland Rd, Ste 120",ID,83709,4,120
Sofra Bosnian Grill,Meridian,3665 E Overland Rd,ID,83642,4.5,78
Jack in the Box,Boise,1124 S Vista Ave,ID,83705,1.5,18
Hideaway Bar & Grill,Meridian,1510 S Celebration Ave,ID,83642,2,99
Caffe Capri,Boise,2242 E Gowen Rd,ID,83716,4,27
C4 Creamery,Boise,3037 S Cole Rd,ID,83709,4.5,41
Rolling in Dough,Boise,928 W Main St,ID,83702,3,11
Zimm’s Burger Stache,Boise,10889 W Fairview Ave,ID,83713,3.5,40
Seasons Bistro Wine Bar & Catering,Eagle,"1117 E Winding Creek, Ste 150",ID,83616,3,5
Baja Fresh,Boise,980 S Broadway Ave,ID,83706,3,22
Bodacious Pig Barbecue,Eagle,34 E State St,ID,83616,4.5,446
Chow Public Market and Eatery,Boise,"7609 W Overland Rd, Ste 130",ID,83709,3,37
Tepanyaki Japanese Steak House,Boise,2197 N Garden St,ID,83706,3,36
Rembrandts,Eagle,93 S Eagle Rd,ID,83616,3.5,343
Thai Basil,Boise,590 E Boise Ave,ID,83706,3.5,31
Good Burger,Boise,"7609 W Overland Rd, inside chow",ID,83709,2.5,15
Chapala Mexican Restaurant,Boise,1459 S Vinnell Way,ID,83709,3.5,53
Quik Wok Restaurant,Meridian,3055 E Fairview Ave,ID,83642,2,45
Chapala Mexican Restaurant,Boise,1201 S Vista Ave,ID,83705,3.5,74
Graveyard B&G,Boise,1000 W Main St,ID,83702,5,11
Jack in the Box,Boise,10496 Overland Rd,ID,83709,2,31
Lemon Tree,Boise,224 N 10th St,ID,83702,4.5,197
The Melting Pot - Boise,Boise,200 N 6th St,ID,83702,3.5,150
Chris The Saladman,Boise,"9140 W Emerald St, Ste 400",ID,83704,2.5,44
McDonald's,Boise,2510 Fairview Ave,ID,83702,1.5,17
Best Of Meats,Meridian ,"3161 E Fairview Ave, Ste 120",ID,83642,3.5,5
Bite Me,Meridian,"3525 E Longwing Ln, Ste A-140",ID,83646,5,27
Chardoney's Brew Lane,Meridian,"750 S Progress Ave, Ste 170",ID,83642,4,5
Chicago Connection - Eagle,Eagle,1545 E Iron Eagle Dr,ID,83616,3,23
Thai Basil,Meridian,"3161 E Fairview Ave, Ste 110",ID,83642,4,165
Johnny Bronx Pizza,Meridian,4970 N Linder Rd,ID,83646,4.5,94
Viking Drive In,Boise,3790 W State St,ID,83703,2.5,57
Backstage Bistro,Meridian,3711 E Longwing Ln,ID,83646,3.5,69
Gyro Shack,Boise,6871 W Overland Rd,ID,83709,4,170
New York Richie's,Garden City,5865 N Glenwood St,ID,83714,3.5,114
Barrel 55,Meridian,3004 N Eagle Rd,ID,83646,2.5,148
Bad Boy Burgers 2,Boise,7000 W Fairview Ave,ID,83704,3,68
Sushi Ya,Boise,8915 W Overland Rd,ID,83709,3,125
The Hyde House,Boise,1607 N 13th St,ID,83702,4,152
Bleubird,Boise,224 N 10th St,ID,83702,4.5,308
Chuck E. Cheese,Boise,6255 Fairview Ave,ID,83704,3.5,18
Panda Express,Boise,7804 Overland Drive,ID,83709,2.5,40
Del Taco,Boise,8687 W Overland Rd,ID,83709,3,22
Amaru Confections,Boise,217 S Roosevelt St,ID,83705,4,78
Pantry Restaurant,Boise,1545 W Shoreline Dr,ID,83702,2.5,18
McDonald's,Boise,510 N Orchard,ID,83704,2.5,12
Lucky Palace Chinese Restaurant,Boise,8630 W Overland Rd,ID,83709,3.5,64
Ono Bento Boise,Boise,10698 W Ustick Rd,ID,83713,5,7
Eagle River Coffee,Eagle,228 E Plaza Dr,ID,83616,4,28
Papa Murphy's,Boise,2412 South Apple Street,ID,83706,3,9
Chipotle Mexican Grill,Boise,205 N Milwaukee St,ID,83704,3,73
Chapala Mexican Restaurant,Garden City,5697 N Glenwood St,ID,83714,3.5,40
Nam King Restaurant,Boise,4624 W State St,ID,83703,2,10
Smoky Mountain Pizzeria Grill,Meridian,980 E Fairview Ave,ID,83642,3.5,115
Manfred's,Boise,"1114 W Front St, Ste B",ID,83702,4.5,58
Form & Function,Boise,511 W Broad St,ID,83702,4,101
Taco Time,Boise,405 S Vista Ave,ID,83705,3,15
Madhuban Indian Cuisine,Boise,6930 W State St,ID,83714,4,190
Papa John's Pizza,Boise,3379 N. Five Mile Road,ID,83713,2.5,14
Noodles & Company,Boise,535 N Milwaukee,ID,83704,4,76
Olive Garden Italian Restaurant,Boise,320 N Milwaukee St,ID,83704,3.5,136
Epi's A Basque Restaurant,Meridian,1115 N Main St,ID,83642,4.5,303
Yogurtz Grill,Meridian,1560 N Locust Grove Rd,ID,83642,3.5,64
Owyhee Tavern Steak & Sea,Boise,1109 Main St,ID,83702,3.5,186
Food Land Market,Boise,710 N Orchard St,ID,83706,5,29
Zip's Drive,Boise,10889 W Fairview Ave,ID,83713,3.5,5
Sandbar Patio Bar & Grill,Boise,2900 Chinden Blvd,ID,83714,3,119
Gem Street Kitchen,Boise,,ID,83703,4,9
Port of Subs,Boise,722 N Benjamin Ln,ID,83704,2.5,22
Subway,Eagle,182 E State St,ID,83616,2,11
Papa Murphy's,Meridian,"1330 East Fairview Avenue, Suite 101",ID,83642,3.5,6
Guido's Original New York Style Pizza Downtown,Boise,235 N 5th St,ID,83702,4.5,270
Sakura Sushi,Eagle,"3210 E Chinden Blvd, Ste 138",ID,83616,3.5,87
Dutch Bros Coffee,Boise,1589 N Wildwood Way,ID,83713,4,9
Chili's,Boise,7997 W Franklin Rd,ID,83709,3,26
Noodles & Company,Meridian,"2274 N Eagle Rd, Ste 100",ID,83646,3,81
Hyde Park Pub & Grill,Boise,1501 N 13th St,ID,83702,3.5,67
Donnie Mac's Trailer Park Cuisine,Boise,1515 W Grove St,ID,83702,3.5,41
Soup Kettle Grille,Meridian,3675 E Overland,ID,83642,4.5,164
Hilltop Station,Boise,12342 E Hwy 21,ID,83716,4.5,60
Deli At the Grove,Boise,"101 S Capitol Blvd, Ste 103",ID,83702,4.5,6
Jerry's State Court Cafe,Boise,6767 W Fairview Ave,ID,83704,3.5,19
Bright Eyes Meridian,Meridian,6360 N Saguaro Hills Ave,ID,83646,4.5,46
Charlie Brown's,Boise,5783 W Overland Rd,ID,83705,3,5
Eight Thirty Common,Meridian,"830 N Main St, Ste 120",ID,83642,4,159
Express Cafe,Meridian,400 E Fairview Ave,ID,83642,4.5,119
Smoke & Thyme,Boise,701 W Fulton St,ID,83702,4,19
The Original Pancake House,Boise,5900 W Fariview Ave,ID,83704,4,155
Capitol Cellars,Boise,110 S 5th St,ID,83702,4,176
Petite 4,Boise,4 N Latah St,ID,83706,4.5,121
Taj Mahal Homestyle Indian & Pakistani Cuisine,Boise,"150 N 8th St, Ste 222",ID,83702,4,280
Quiznos,Boise,8665 W Franklin Rd,ID,83709,3.5,5
Hook & Reel Cajun Seafood & Bar,Meridian,1510 N Eagle Rd,ID,83642,3.5,211
K-Fusion Korean BBQ,Meridian,1701 E Fairview Ave,ID,83642,3,26
Dong Khanh Vietnamese Restaurant,Boise,"111 Broadway Ave, Ste 139",ID,83702,2.5,18
Moxie Java - Meridian,Meridian,1560 N Locust Grove Rd,ID,83642,3.5,7
The Peached Tortilla,Meridian,2900 W Excursion Ln,ID,83642,4,9
Rush Bowls,Boise,1774 W State St,ID,83702,5,17
Zeppole Cafe,Boise,2345 S Apple St,ID,83706,3.5,42
Mongolian BBQ & Grill,Boise,201 N 8th St,ID,83702,3.5,10
ROMiÓS Greek and Italian Restaurant,Boise,8125 W Fairview Ave,ID,83704,4,151
Del Taco,Meridian,1617 W Island Green Dr,ID,83646,2,12
Mongolian Bistro,Boise,5234 W Overland Rd,ID,83705,4.5,35
Playhouse Boise,Boise,8001 Farivew Ave,ID,83704,3,15
Subway,Boise,2400 Apple St,ID,83706,1,5
Casa Del Matador,Meridian,"3690 E Monarch Sky Ln, Ste 142",ID,83646,3,193
Grinkers Grand Palace,Eagle,"228 E Plaza Dr, Ste H",ID,83616,4.5,105
Carl's Jr,Meridian,1815 S Meridian Rd,ID,83642,2,29
Blue Sky Bagels,Boise,407 W Main St,ID,83702,4,85
Red Feather Lounge,Boise,246 N 8th St,ID,83702,4,330
Los Mariachis,Meridian,"520 S Meridian Rd, Ste 110",ID,83646,4,20
Lucky Fins Seafood Grill,Boise,"801 W Main St, Ste 107",ID,83702,4,213
Chicago Connection - Overland,Boise,3931 W Overland Rd,ID,83705,2.5,17
Chipotle Mexican Grill,Boise,"7610 W State St, Ste 110",ID,83714,2.5,33
Baja Fresh,Boise,992 N Milwaukee St,ID,83704,3.5,24
IHOP,Boise,7959 W Emerald St,ID,83704,2.5,57
Gyro Shack,Meridian,5038 N Linder Rd,ID,83646,4,25
MFT BBQ & Vegan Food,Boise,1115 N Curtis Rd,ID,83706,4.5,91
Taco Bell,Boise,7070 Overland Road,ID,83709,2,38
Chicago Connection - Fairview,Boise,7070 W Fairview Ave,ID,83704,3,28
Harvest and Grounds,Boise,"3201 W Airport Way, Concourse C, Boise International Airport",ID,83705,3,7
Spring Creek Brewing,Boise,18651 N Streams Edge Way,ID,83714,4,26
Capri Restaurant,Boise,2520 W Fairview Ave,ID,83702,4,182
Taco Del Mar,Boise,2258 E Gowen Rd,ID,83716,2.5,27
Carl's Jr,Boise,1609 Entertainment Ave,ID,83709,1.5,21
TA,Boise,4115 Broadway Ave,ID,83705,3.5,19
Mi Linda Michoacana,Boise,8033 W Fairview Ave,ID,83704,4,14
Trolley House,Boise,1821 Warm Springs Ave,ID,83712,3,83
On the Border Mexican Grill and Cantina,Meridian,3004 N Eagle Rd,ID,83646,2,28
Golden Star Restaurant,Boise,1142 N Orchard St,ID,83706,3,73
Jimmy John's,Boise,8151 Fairview Ave,ID,83704,3,23
Twin Dragon,Boise,2200 W Fairview Ave,ID,83702,3,35
Spirals Pizza & Sushi,Garden City,5872 W Hidden Springs Dr,ID,83714,5,9
Mister BBQ,Boise,5163 N Glenwood St,ID,83714,4.5,47
Pho 779,Meridian,"3327 N Eagle Rd, Ste 195",ID,83642,3,84
Nuestro Pueblo,Boise,5234 W Fairview Ave,ID,83706,4.5,12
Tin Roof Tacos,Boise,115 S Broadway Ave,ID,83702,4,581
Main Street Burger,Meridian,1615 N Main St,ID,83642,4,143
Taco Bell,Garden City,8109 Chinden Blvd,ID,83714,1.5,23
Western Proper,Boise,610 W Idaho St,ID,83702,4,26
The Griddle,Boise,"404 E Parkcenter Blvd, Ste 200",ID,83706,4,302
Subway,Boise,10715 Fairview Ave,ID,83704,2.5,14
Luciano's,Boise,11 N Orchard St,ID,83706,4,664
Tango's Empanadas,Meridian,46 E Fairview Ave,ID,83642,4.5,71
The Shak Hawaiian Cafe,Boise,2170 S Broadway Ave,ID,83706,4,40
Hawkins Pac-Out,Boise,2315 N Bogus Basin Rd,ID,83702,3.5,63
Dutch Bros Coffee,Boise,7401 W Victory Rd,ID,83709,4,23
Kyoto Japanese Steak House,Boise,6002 W Fairview Ave,ID,83704,4,150
Tangos Empanadas,Boise,701 N Orchard St,ID,83706,4.5,439
Sa-Wad-Dee Thai Restaurant,Meridian,1890 E Fairview Ave,ID,83642,4,252
Gandolfos New York Deli,Meridian,"1410 W McMilan Rd, Ste 110",ID,83646,4,22
Pad Thai House,Boise,10038 W Overland,ID,83709,4,532
Salt Tears Coffehouse and Noshery,Boise,4714 W State St,ID,83703,3,28
Grape Escape,Boise,"800 W Idaho St, Ste 100",ID,83702,3.5,10
McDonald's,Boise,8300 W Overland Rd,ID,83709,2,6
Boise Juice Company,Boise,983 E Parkcenter Blvd,ID,83706,4.5,33
Pastry Perfection,Garden City,5855 Glenwood St,ID,83714,3.5,86
Rendezvous,Eagle,1117 E Winding Creek Dr,ID,83616,4.5,12
Franco's NY Style Pizza,Boise,201 W Boise Ave,ID,83706,3.5,12
Wild Plum Luncheonette,Boise,1621 N Orchard St,ID,83706,5,9
Frankie's Java,Meridian,112 E Idaho Ave,ID,83642,4.5,22
The Griddle,Meridian,"2310 E Overland Rd, Ste 120",ID,83642,4,231
Applebee's Grill + Bar,Boise,2810 W Elder St,ID,83705,3,80
Mongolian BBQ,Boise,8037 W Fairview Ave,ID,83704,4,30
Bonefish Grill,Boise,"855 W Broad St, Ste 260",ID,83702,3.5,160
The River Room,Boise,401 S Broadway Ave,ID,83702,4.5,18
The Falcon Tavern,Boise,705 W Bannock St,ID,83702,3.5,16
Jimmy John's,Meridian,521 S Main St,ID,83642,3.5,9
River City Coffee & Cafe,Boise,"3201 W Airport Way, Concourse B, Boise International Airport",ID,83705,3,48
A&W Restaurant,Boise,13375 W Chinden Blvd,ID,83713,2.5,7
Subway,Garden City,"6667 Glenwood St, Ste 100",ID,83714,2.5,5
Txikiteo,Boise,175 N 14th St,ID,83702,4.5,95
Chipotle Mexican Grill,Meridian,"2126 N Eagle Rd, Ste 100",ID,83646,2,116
Wendy's,Garden City,5525 Chinden Boulevard,ID,83714,2,9
Sakana Japanese Sushi Bar & Grill,Boise,7107 W State St,ID,83714,3.5,52
The Gyro Shack,Boise,"777 W Main St, Ste 115",ID,83702,3.5,23
Lucky 13,Boise,3662 S Eckert Rd,ID,83716,3,99
Shangri-La Tea & Vegetarian Cafe,Boise,1800 W Overland Rd,ID,83705,4,72
Pinnacle Sports Bar & Grill,Meridian,2902 N Eagle Rd,ID,83646,2.5,98
Jamba,Boise,"350 N Milwaukee St, Space 5517",ID,83704,4,9
Johnny's Pizza,Meridian,1526 N Main St,ID,83642,4,37
Rooster's Eatery and Catering,Boise,9048 W Emerald St,ID,83704,4.5,10
The Ranch Scottish Highland Burgers,Boise,6935 W Overland Rd,ID,83709,4.5,103
Merritt's Family Restaurant,Boise,6630 W State St,ID,83714,4,161
WINGERS Restaurant & Alehouse,Meridian,3541 N Eagle Rd,ID,83646,3,124
Big Star Coffee,Meridian,106 Williams Ave,ID,83642,5,26
R&R BBQ,Boise,"150 N 8th St, Ste 220",ID,83702,4,13
Burger Time,Boise,1273 S Orchard St,ID,83705,3,20
Archie's Place,Boise,1100 W Front St,ID,83702,4.5,8
Crescent No Lawyers Bar-Grill,Boise,5500 W Franklin Rd,ID,83706,2.5,55
Five Guys,Boise,321 S 8th St,ID,83702,2.5,36
Murphy's Seafood Bar & Grill,Boise,1555 Broadway Ave,ID,83706,3.5,21
Grimaldi's Pizzeria,Meridian,"3573 E Longwing Ln, Ste 130",ID,83646,3.5,239
Louie's Pizza and Italian Restaurant,Meridian,2500 E Fairview Ave,ID,83642,3.5,147
Marco's Pizza,Meridian,"4865 N Ten Mile Rd, Ste 150",ID,83646,3.5,66
Capri Restaurant - Meridian,Meridian,1407 W McMillan Rd,ID,83646,4,19
The Habit Burger Grill,Meridian,2206 N Eagle Rd,ID,83646,4,163
MELT Food Truck,Boise,5707 W Emerald St,ID,83706,4,13
Carl's Jr,Meridian,1320 N Eagle Rd,ID,83642,2,21
Waffle Me Up,Boise,204 N Capitol Blvd,ID,83702,4.5,283
Great Harvest Bread Co Eagle,Eagle,4363 W Gray Fox St,ID,83616,4,19
Freddy's Frozen Custard & Steakburgers,Eagle,2864 E State St,ID,83616,3.5,37
Stella's Ice Cream,Boise,100 N 8th St,ID,83702,4.5,29
Red Robin Gourmet Burgers and Brews,Boise,267 N Milwaukee St,ID,83704,2.5,107
Jack in the Box,Boise,3220 W State St,ID,83703,2,21
Taco Bell,Meridian,1523 S Eagle Rd,ID,83642,2,35
Pho Bac,Boise,7700 W Goddard Rd,ID,83704,4,162
Berryhill & Co,Boise,121 N 9th St,ID,83702,3.5,89
Burger King,Garden City,6770 Glenwood St,ID,83714,2,7
Addie's,Boise,1221 W Boise Ave,ID,83706,3,133
Wild Root Café,Boise,276 N 8th St,ID,83702,4.5,267
Dawson Taylor - Downtown,Boise,219 N 8th St,ID,83702,4.5,76
Vincenzo Trattoria,Boise,6970 W State St,ID,83714,4,137
Sonic Drive-In,Boise,2145 S Broadway Ave,ID,83706,3,12
Del Taco,Boise,1306 S Broadway Ave,ID,83706,3,38
Pie Hole,Boise,1016 S Broadway Ave,ID,83706,3,100
Lulu's Pizza,Boise,2594 N Bogus Basin Rd,ID,83702,4,88
El Gallo Giro,Boise,615 W Main St,ID,83702,3.5,63
13th Street Pub & Grill,Boise,"3201 W Airport Way, FL 2",ID,83705,4,22
Wasabi,Boise,303 N Orchard St,ID,83706,3.5,23
Happy Teriyaki - Meridian,Meridian,150 S Ten Mile Rd,ID,83642,4,26
Popeyes Louisiana Kitchen,Boise,8840 Fairview Ave,ID,83704,2.5,59
The Donut + Dog,Meridian,"3525 E Longwing Ln, Ste A-180",ID,83646,4.5,98
McDonald's,Eagle,1460 W Chinden Blvd,ID,83646,2,25
Los Reyes De La Torta,Boise,6125 W Fairview Ave,ID,83704,5,5
Cupbop - Korean BBQ,Meridian,"1520 W Chinden Blvd, Ste 104",ID,83646,4,159
Richard's,Boise,"500 S Capitol Blvd, Ste 100",ID,83702,4,122
Huck House Brunchette,Garden City,7135 W State St,ID,83714,4,54
Shake N Take Burgers,Meridian,710 W Ustick Rd,ID,83646,3.5,10
Cutter's Grand BBQ,Garden City,4983 Glenwood St,ID,83714,4.5,28
Urban Smoke,Boise,,ID,83709,5,14
Groove Coffee,Meridian,"1800 N Locust Grove Rd, Ste E",ID,83646,4,22
Saigon Grill,Boise,8053 W Emerald St,ID,83704,2.5,6
Moxie Java,Boise,1122 S Vista Ave,ID,83705,3.5,17
Alyonka Russian Cuisine,Boise,2870 W State St,ID,83702,4.5,104
Zen Bento,Eagle,342 E State St,ID,83616,3.5,50
Papa Murphy's,Boise,6887 W Fairview Avenue,ID,83704,3.5,9
Barrelhouse Pub and Grill,Garden City,5181 N Glenwood St,ID,83714,3,178
Stefano's Tapas,Eagle,360 S Eagle Rd,ID,83616,4,7
Java Coffee & Café,Boise,1612 N 13th St,ID,83702,4.5,85
Big City Coffee,Boise,1416 W Grove St,ID,83702,4,606
Flatbread Neapolitan Pizzeria,Boise,3139 S Bown Way,ID,83706,4,109
Main Street Deli,Boise,904 W Main St,ID,83702,4.5,44
Pita Pit,Boise,1007 Broadway Ave,ID,83706,3,27
208 Pho & Vegan,Garden City,7310 W State St,ID,83714,4.5,11
The Harp,Meridian,"1435 N Eagle Rd, Ste 110",ID,83642,3.5,55
P.F. Chang's,Boise,391 S 8th St,ID,83702,3,211
Panda Express,Meridian,"750 South Progress Ave., Suite #100",ID,83642,3,21
Pojos Family Fun Center,Boise,7736 W Fairview Ave,ID,83704,4,22
Americana Pizza,Boise,304 Americana,ID,83702,4.5,50
The Dish,Boise,"205 N 10th St, Ste 110",ID,83702,4,126
Sids Garage,Meridian,"3525 E Longwing Ln, Ste 180",ID,83646,4,194
Carl's Jr,Boise,226 Broadway Ave,ID,83702,2.5,13
Dairy Queen,Boise,10264 Overland Rd,ID,83709,3,22
Dickey's Barbecue Pit,Meridian,"2845 E Overland Rd, Ste 190",ID,83642,2.5,95
Tilted Kilt Pub & Eatery,Boise,1555 S Broadway Ave,ID,83706,3.5,54
daVinci's,Eagle,190 E State St,ID,83616,3.5,102
Bier:Thirty Bottle & Bistro,Boise,3073 S Bown Way,ID,83706,4.5,113
Pizza Studio,Meridian,2830 N. Eagle Rd.,ID,83646,3,10
Falafel Hut,Boise,5111 Emerald St,ID,83706,4,7
Kiwi Shake and Bake,Boise,611 S 8th St,ID,83702,4,94
Ishtar Market and Restaurant,Boise,4516 W Overland Rd,ID,83705,4.5,80
Lock Stock & Barrel,Boise,1100 W Jefferson St,ID,83702,3.5,163
Micron Cafeteria,Boise,8000 S Federal Way,ID,83716,4,7
Texas Roadhouse,Meridian,3801 E Fairview Dr,ID,83642,3.5,287
Ansots Basque Chorizos & Catering,Boise,560 W Main St,ID,83702,5,22
Shogun Sushi,Boise,3640 S Findley Ave,ID,83705,4,160
Naked Fins,Boise,1120 S Broadway Ave,ID,83706,4,80
Cool Hand Lukes,Eagle,"291 E Shore Dr, Ste 101",ID,83616,2.5,8
Sofia's Greek Bistro,Garden City,6748 N Glenwood St,ID,83714,4,148
Oak Barrel of Eagle,Eagle,1065 E Winding Creek Dr,ID,83616,4,123
Burger King,Boise,8378 W Overland Rd,ID,83709,1.5,13
Mazzah Mediterranean Grill,Boise,1772 W State St,ID,83702,4,197
Boise Auto Repair Mobile Tech Auto Repair,Boise,"1650 W Targee St, Ste 5104",ID,83705,3.5,15
Kodiak Grill,Boise,12342 Hwy 21,ID,83716,3,9
The Drink Bar and Waterfront Grill,Boise,3000 Lake Harbor Ln,ID,83702,2.5,38
Red Pavilion Mandarin Cuisine,Meridian,"1760 S Meridian Rd, Ste 102",ID,83642,4,309
Jack in the Box,Boise,1302 S Orchard St,ID,83705,1.5,16
Boise Juice Company,Boise,5628 W State St,ID,83703,4.5,66
Pho Nguyen,Boise,7310 W State St,ID,83714,4.5,102
Cacicia's Old World Sicilian,Meridian,2483 E Fairview Ave,ID,83642,2.5,17
Jack in the Box,Boise,9052 W Fairview Ave,ID,83704,2,26
Sonic Drive-In,Meridian,2160 E Fairview Ave,ID,83642,2,34
AeroCaffe´,Boise,201 N Orchard St,ID,83706,4.5,14
Lucky Perk Coffee,Meridian,1551 W Cherry Ln,ID,83642,4,24
Even Stevens Sandwiches,Boise,815 W Bannock St,ID,83702,4.5,253
Jimmy John's,Boise,598 W Main St,ID,83702,3.5,28
Camel's Crossing,Boise,1304 W Alturas St,ID,83702,4.5,77
DK Donuts,Boise,1300 W State St,ID,83702,4,56
Boise Fry,Meridian,2020 E Overland Rd,ID,83642,4,217
Varsity Pizza,Meridian,1435 N Eagle Rd,ID,83642,4,12
Café Zupas,Boise,600 North Milwaukee St,ID,83704,3.5,98
Sockeye Brewing,Boise,3019 N Cole Rd,ID,83704,4,118
Rib Shack Barbecue,Eagle,395 W State St,ID,83616,4,154
Bodovino,Meridian,3630 E Monarch Sky Ln,ID,83642,3.5,86
Tupelo Honey,Boise,"150 N 8th St, Ste 200",ID,83702,4.5,412
Subway,Meridian,1789 W Franklin Rd,ID,83642,2,5
Yokozuna Teriyaki,Meridian,"2031 E Fairview Ave, Ste 103",ID,83642,3.5,40
Chipotle Mexican Grill,Boise,305 S 6th St,ID,83702,2.5,50
Sonic Drive-In,Boise,10480 West Ustick Rd,ID,83704,2,18
Gyro Shack,Meridian,3030 E Magic View Dr,ID,83642,4,16
Alchemist Coffee Roasting,Boise,10650 W Overland Rd,ID,83709,4.5,90
Season Wok,Boise,2775 S Broadway Ave,ID,83706,2.5,32
DK Donuts,Eagle,391 W State St,ID,83616,4,25
Baguette Deli,Boise,276 N 8th St,ID,83702,4,14
Flying Pie Pizzaria,Boise,4320 W State St,ID,83703,3.5,115
Kona Grill,Meridian,"3573 E Longwing Ln, Ste 140",ID,83646,3.5,517
Flying Pie Pizzaria,Boise,10678 W Overland Rd,ID,83709,3.5,8
Café Yumm!,Eagle,"2826 S Eagle Rd, Ste 160",ID,83616,3.5,77
Wow Bao,Meridian,3380 N Eagle Rd,ID,83646,2.5,16
Tavern at Eagle Island,Meridian,6500N Linder Rd,ID,83646,4,102
Pho Tay,Boise,10548 W Fairview Ave,ID,83704,3.5,130
Flying Pie Pizzaria,Boise,1326 S Broadway Ave,ID,83706,3,103
Primos,Boise,8489 W Overland Rd,ID,83709,2.5,6
Chili's,Meridian,3078 N Eagle Rd,ID,83646,2.5,101
Taco Bell,Eagle,6560 N. Linder Road,ID,83616,1.5,52
Rick's Press Room Grill & Bar,Meridian,130 E Idaho St,ID,83642,4,68
McDonald's,Kuna,1311 N Meridian Rd,ID,83634,2.5,20
Café Zupas,Boise,129 Broadway St,ID,83702,3,75
Diggs Pizza,Boise,4646 S Cole Rd,ID,83709,4.5,93
Kilted Dragon Brewing,Boise,"9115 W Chinden Blvd, Ste107",ID,83864,3,8
Tropical Smoothie Cafe,Boise,8925 W Overland Rd,ID,83709,3.5,47
Domino's Pizza,Boise,2273 S Vista Ave,ID,83705,3,19
Taco Bell,Boise,3680 N Eagle Rd,ID,83713,1.5,37
Wok Fusion,Meridian,"3325 N Ten Mile Rd, Ste 100",ID,83646,4,128
Wendy's,Meridian,100 E. Corporate Drive,ID,83642,2.5,11
Big Daddy's BBQ,Boise,10659 W Fairview Ave,ID,83713,4,43
Red Bench Pizza,Boise,1204 S Vista Ave,ID,83705,4,131
The Creperie Cafe,Boise,"7709 W Overland Rd, Ste 130",ID,83709,3.5,131
Fanci Freez,Meridian,"1750 W McMillan Rd, Ste 100",ID,83646,3,86
Leaf Teahouse,Boise,212 N 9th St,ID,83702,5,24
B-Town Bistro,Boise,,ID,83705,4.5,19
Pie Hole Pizza,Boise,205 N 8th St,ID,83702,3.5,171
La Vie En Rose,Boise,928 W Main St,ID,83702,4,33
Bread of Life Community Deli,Meridian,"1535 W Franklin Rd, Ste D",ID,83642,4,5
Extreme Pizza - Boise,Boise,590 Broadway Ave 100,ID,83702,4,125
Emilio's,Boise,245 S Capitol Blvd,ID,83702,4,35
Idaho Pizza Company,Boise,5150 W Overland Rd,ID,83705,3.5,48
Crisp Food Truck,Boise,,ID,83703,5,5
Bella Aquila Restaurant,Eagle,775 S Rivershore Ln,ID,83616,3.5,192
Port of Subs,Boise,3636 S Findley Way,ID,83705,2,6
Bacon Boise,Boise,915 W Idaho St,ID,83702,3.5,83
IOU Sushi,Boise,3640 S Findley Ave,ID,83705,3.5,16
Eddie's Diner,Boise,3095 N Lakeharbor Ln,ID,83703,4,34
Egg Mann and Earl,Boise,650 E Boise Ave,ID,83706,4.5,206
Shige Express,Meridian,"520 S Meridian Rd, Ste 90A",ID,83642,3,75
Roots Zero Waste Market,Garden City,3308 W Chinden Blvd,ID,83714,4.5,25
JBR's BBQ,Boise,"Boise International Market, 5821 W Franklin Rd",ID,83709,3.5,5
Domino's Pizza,Eagle,498 E State St,ID,83616,3,12
Firenza Pizza,Boise,"999 W Main St, Ste 103",ID,83702,4.5,41
Chicago Connection - Meridian,Meridian,1752 W Cherry Ln,ID,83642,2.5,32
Beef 'O' Brady's,Meridian,"1505 S Eagle Rd, Ste 190",ID,83642,3,137
Five Guys,Boise,1587 N Milwaukee St,ID,83704,3.5,75
El Chavo Taqueria,Boise,"2915 W Overland Rd, Ste 0",ID,83705,4.5,56
Seoul Korean Cuisine,Boise,10386 W Ustick Rd,ID,83704,3,9
CK Hawaiian BBQ,Boise,"7709 Overland Rd, Ste 110",ID,83709,3.5,77
Papa Murphy's,Boise,10545 Overland Road,ID,83709,4,9
Boise Fry Company,Boise,3083 S Bown Way,ID,83706,4,145
Panera Bread,Boise,1150 W Myrtle St,ID,83702,2.5,15
il Sugo Italian Kitchen,Boise,904 W Main St,ID,83702,4.5,98
Wingstop,Boise,1575 N Milwaukee St,ID,83704,2,9
Taste of Chicago,Meridian,1600 N Main St,ID,83642,4,18
Dairy Queen,Meridian,107 E Water Tower,ID,83642,2,20
The Olympic Venue,Boise,1009 Main St,ID,83702,4,5
Cross Grain Brewhouse,Boise,"3201 W Airport Way, Concourse B, Boise International Airport",ID,83705,3.5,133
Burger King,Boise,6350 N Discovery Way,ID,83713,3,8
Fiesta Chicken,Boise,10689 Ustick Rd,ID,83713,4,144
Costa Vida,Meridian,3340 N Eagle Rd,ID,83642,3.5,97
Guru Donuts,Boise,"928 W Main St, St  100",ID,83702,4,352
Growler's Pizza Grill,Boise,9931 W Cable Car St,ID,83709,4,54
Doc's Lodge,Boise,1108 W Front St,ID,83702,4,9
Wetos Locos,Boise,,ID,83702,5,7
Union Block Bar & Eatery,Boise,730 W Main St,ID,83702,4.5,8
Zen Bento,Boise,2454 S Apple St,ID,83706,3,19
Roux'd,Boise,,ID,83702,5,5
KFC,Meridian,677 S Main St,ID,83642,2,21
Modern Bar and Restaurant,Boise,1314 W Grove St,ID,83702,4.5,16
Ocho's Wine Bar,Boise,515 W Idaho St,ID,83702,5,9
A Tavola,Boise,1515 W Grove St,ID,83702,4,82
Old Chicago Pizza & Taproom,Boise,"350 North Milwaukee, Ste 1107",ID,83704,3.5,129
Los Betos,Boise,6615 Fairview Ave,ID,83704,3,61
Taziki's Mediterranean Cafe - Eagle,Eagle,1592 E Riverside Dr,ID,83616,4,127
Carniceria Coalcoman,Boise,5234 W Fairview Ave,ID,83706,4.5,71
Westward,Boise,850 W Main St,ID,83702,5,11
Dutch Bros Coffee,Boise,1181 N Milwaukee St,ID,83704,4,33
Earl of Sandwich,Meridian,3775 N Eagle Rd,ID,83646,4,35
Genki Takoyaki,Boise,8TH St Between Idaho And Main,ID,83702,4,14
Clean Juice Village,Meridian,"3505 E Monarch Sky Ln, Ste 100",ID,83646,3,16
Mongolian Grill,Meridian,"519 E Fairview Ave, Ste 400",ID,83642,3,32
Caffeina Roasting Company,Boise,4774 W State St,ID,83703,4,118
McDonald's,Boise,1185 Vista Ave,ID,83705,2,12
Flatbread Neapolitan Pizzeria,Meridian,"6700 N Linder Rd, Ste 192",ID,83646,4,239
Marie Callender's Restaurant & Bakery,Boise,8574 Fairview Ave,ID,83704,2.5,27
Blimpie Americas Sub Shop,Meridian,1535 N Main St,ID,83642,4,10
Elliott's Oyster House - Boise,Meridian,2900 W Excursion Ln,ID,83642,3.5,7
Doubletree Club Hotel Boise,Boise,475 W Parkcenter Blvd,ID,83706,2.5,10
Johnny Carino's,Boise,1700 S Entertainment Ave,ID,83709,3,23
Jimmy John's,Boise,"12505 West Chinden Blvd, Ste. Q",ID,83713,4,11
Skippers Seafood & Chowder House,Boise,5588 W Fairview Ave,ID,83706,3.5,41
KIN,Boise,"999 W Main St, Ste P101",ID,83702,4.5,6
Hot Spot Cafe,Meridian,"3327 N Eagle Rd, Ste 165",ID,83642,4,64
Pesto's Pizza Shop,Boise,7802 W Goddard Rd,ID,83704,4.5,34
Don Diego's,Meridian,"520 S Meridian Rd, Ste 110",ID,83642,4,11
Café Vicino,Boise,808 W Fort St,ID,83702,4.5,64
Tacos El Rey,Meridian,3100 S Meridian Rd,ID,83642,4,23
Deli George,Boise,220 S Broadway Ave,ID,83702,4.5,157
The Goodness Land,Boise,"6555 W Overland Rd, Unit 110",ID,83709,4,155
Brick Oven Bistro,Boise,801 Main St,ID,83702,3.5,15
The Curb Bar and Grill,Meridian,"1760 S Meridian Rd, Ste 100",ID,83642,3.5,138
Asian Cuisine Boise,Boise,590 E Boise Ave,ID,83706,3.5,64
Zen Bento,Boise,1000 W Main St,ID,83702,3.5,51
Coyne's Restaurant and Bar,Eagle,676 E Riverside Dr,ID,83616,4,111
Triple B Boise's Best Burgers,Boise,615 S 9th St,ID,83702,5,11
City Buffet,Boise,8049 W Fairview Ave,ID,83704,3,90
Zen Bento,Boise,3912 W State St,ID,83703,4,20
Pamela's Bakery Cafe Espresso,Eagle,360 S Eagle Rd,ID,83616,2.5,11
Northern Lights Cafe,Boise,650 E Boise Ave,ID,83706,3,15
Sockeye Brewing,Boise,12542 W Fairview Ave,ID,83713,4,236
Le Coq d'Or,Eagle,176 S Rosebud Ln,ID,83616,4,83
Thai Cuisine,Boise,6777 W Overland Rd,ID,83709,4.5,225
Kind Cuisine Cafe,Boise,4628 W State St,ID,83703,4.5,35
Flying M Coffeehouse,Boise,500 W Idaho St,ID,83702,4.5,193
Little Ceasars,Boise,1003 S Vista Ave,ID,83705,3,7
Jalapeño's Bar & Grill - Franklin,Boise,8799 W Franklin Rd,ID,83709,3.5,119
Jenny's Lunch Line,Boise,106 N 6th St,ID,83717,4,25
Louisiana's Soul Bayou,Boise,7609 W Overland Rd,ID,83709,4.5,39
Rooster's Eatery,Boise,930 S Vista Ave,ID,83705,3.5,8
Relic Pizza,Meridian,2032 E Overland Rd,ID,83642,4,19
Tiki's Shave Ice,Boise,,ID,83701,2.5,5
The Green Chile,Boise,5616 W State St,ID,83703,3,36
Le Peep,Meridian,3036 N Eagle Rd,ID,83646,4,259
Wendy's,Eagle,65 Eagle River Drive,ID,83616,2,25
Mazzah Mediterranean Grill,Boise,"404 E Parkcenter Blvd, Ste 250",ID,83706,4,120
Grants Neighborhood Grill,Meridian,1835 W Cherry Ln,ID,83642,4,161
Zee's Rooftop,Boise,250 S 5th St,ID,83702,4,19
Jakers Bar and Grill,Meridian,3268 E Pine Ave,ID,83642,3.5,186
Dairy Queen Grill & Chill,Boise,550 E Boise Ave,ID,83706,2.5,16
Muse Bistro & Wine Bar,Meridian,1435 N Eagle Rd,ID,83642,4,32
On the Border Mexican Grill & Cantina,Boise,7802 W Spectrum St,ID,83709,3,30
Phở House Vietnamese Rice & Noodles,Meridian,1534 N Main St,ID,83642,4.5,42
208 Pho & Vegan,Boise,8675 W Franklin Rd,ID,83709,4.5,21
Mongo's Grill,Meridian,3560 N Eagle Rd,ID,83646,3,34
Poké Bowl,Meridian,"2970 N Eagle Rd, Ste 101",ID,83646,4,103
Han's Chimaek,Boise,1716 S Broadway Ave,ID,83706,5,80
Breakaway Cafe and Spirits,Meridian,"2053 East Fairview Ave, Ste 101",ID,83642,4.5,16
Sonic Drive-In,Boise,8777 W Overland Rd,ID,83709,3,26
Westside Pizza,Boise,8489 W Overland Rd,ID,83709,4,55
Eagle Rib Shack,Eagle,360 E State St,ID,83616,3.5,7
Big Al's,Meridian,1900 N Eagle Rd,ID,83642,2.5,214
Bel Cibo,Boise,,ID,83705,4.5,6
Blimpie,BOISE,"5120 W Overland Rd, Ste A",ID,83705,2.5,5
Rudy's Pub & Grill,Meridian,3035 W Mcmillan Rd,ID,83646,3.5,65
RamaPong,Boise,"204 N Capitol Blvd, Ste 10",ID,83702,4,47
Rudy's Pub & Grill,Meridian,"2310 E Overland Rd, Ste 150",ID,83642,3.5,100
Grit American Cuisine,Eagle,360 S Eagle Rd,ID,83616,4,173
Toasted,Boise,"928 W Main St, Street Level  100",ID,83702,4.5,23
Boobies,Boise,11295 W Ustick Rd,ID,83713,1.5,7
The Sapphire Room At The Riverside Hotel,Boise,2900 W Chinden Blvd,ID,83714,4,11
Chef Roland's Cajun Cuisine,Boise,1221 W Boise Ave,ID,83706,3.5,10
CACi Wood-Fired Sicilian Grill,Eagle,1592 E Riverside Dr,ID,83616,4,156
Kabob House,Boise,9140 W Emerald St,ID,83704,4.5,232
Nato's Mexican Food,Boise,1492 S Entertainment Ave,ID,83709,3,47
Campos Market,Boise City,413 N Orchard St,ID,83706,4,72
Pizza Hut,Boise,9050 Ustick Rd,ID,83704,2,14
Gelato Cafe,Meridian,"2053 E Fairview Ave, Ste 101",ID,83642,4,33
Baja Fresh,Meridian,1440 N Eagle Rd,ID,83642,3,35
Wok-Inn Noodle,Boise,4912 Emerald St,ID,83706,4,161
3 Wood Pizza & Pub,Boise,10497 W Lake Hazel Rd,ID,83709,4.5,47
Jack in the Box,Boise,6875 S Federal Way,ID,83716,3,9
TableRock Brewpub,Boise,705 Fulton St,ID,83702,3.5,39
Boise Pie Co,Boise,1216 N Orchard St,ID,83706,4.5,71
Chicago Connection - El Dorado,Meridian,1935 S Eagle Rd,ID,83642,3,48
Taphouse,Boise,760 W Main St,ID,83702,4,142
Balcony Club,Boise,"150 N 8th St, Ste 226",ID,83702,3,54
Cafe Ole,Boise,210 N Milwaukee St,ID,83704,2.5,95
Casa Mexico,Boise,1605 N 13th St,ID,83702,3.5,34
Wasabi Sushi,Boise,2325 S Apple St,ID,83706,4,81
Casa Mexico,Eagle,393 W State St,ID,83616,3,66
Fresh Off The Hook,Boise,401 S 8th St,ID,83702,3,39
Costa Vida Fresh Mexican Grill,Boise,"801 W Main St, Ste 101",ID,83702,3.5,42
Dickey's Barbecue Pit,Eagle,12 N Fisher Park Way,ID,83616,3.5,43
Crave Delivery,Meridian,2900 Excursion Ln,ID,83642,4,43
Fusion Asian Grill,Meridian,3161 E Fairview Ave,ID,83642,4,31
Arctic Circle Restaurant,Meridian,1625 W Franklin Rd,ID,83642,3,12
Moxie Java Glenwood - Garden City,Garden City,6625 N Glenwood St,ID,83714,3.5,10
Treasure Valley Coffee - Boise,Boise,11875 W President Dr,ID,83713,4,42
Boise Thai Noodle House,Boise,"12375 W Chinden Blvd, Ste C",ID,83713,4.5,16
Ono Hawaiian Cafe,Boise,2170 Broadway Ave,ID,83717,3.5,17
Pat's Thai Kitchen,Boise,577 E Park Blvd,ID,83712,3.5,71
Joy Garden,Meridian,2951 E Overland Rd,ID,83642,3,75
Yoi Tomo Sushi & Grill,Boise,405 S Capitol Blvd,ID,83702,4,406
Burger King,Meridian,300 E Fairview,ID,83642,2.5,14
Los Betos,Boise,6906 W State St,ID,83714,3,77
Freddy's Frozen Custard & Steakburgers,Boise,2143 South Broadway Ave,ID,83706,4,21
Casa Mexico,Boise,10332 Fairview Ave,ID,83704,3.5,74
Cloud 9 Brewery,Boise,1750 W State St,ID,83702,4,215
Saffron Indian Bar & Grill,Boise,3300 S Vista Ave,ID,83705,4,99
Tazah Kabob,Boise,5755 W Overland Rd,ID,83705,5,6
Franco's NY Style Pizza,Boise,1221 W Boise Ave,ID,83706,4.5,8
Romano's Macaroni Grill,Boise,980 N Milwaukee St,ID,83704,2.5,10
Deja Brew Laugh A Latte,Meridian,112 E Idaho Ave,ID,83642,4.5,115
Great Wall Restaurant,Boise,10398 W Overland Rd,ID,83709,3,61
McDonald's,Boise,7222 Overland Rd,ID,83709,2,22
Costa Vida,Eagle,"4363 W Gray Fox St, Ste 101",ID,83616,3.5,46
NY Giant Pizza,Boise,"7709 W Overland Rd, Ste 140",ID,83709,4,132
Goldy's Breakfast Bistro,Boise,108 S Capitol Blvd,ID,83702,4.5,949
Neighbor Tim's BBQ,Boise,7802 W Goddard,ID,83704,4.5,137
Maui Tacos,Boise,3201 W Airport Way,ID,83705,2,14
Hungry Horse Eatery,Meridian,"2032 E Overland Rd, Ste 115",ID,83642,4.5,115
208 Pho & Vegan,Boise,812 W Fort St,ID,83702,4,92
Tokyo Hot Chicken,Meridian,2900 W Excursion Ln,ID,83642,4,6
"The Human Bean Meridian, N. Meridian Rd",Meridian,1635 N Meridian Rd,ID,83642,4,29
River Rock Alehouse,Eagle,228 E Plaza St,ID,83616,2.5,7
il Sugo Italian Kitchen,Meridian,1407 W McMillan Rd,ID,83646,4.5,25
Mai Thai Restaurant & Bar - Eagle,Eagle,"78 Eagle River St, Ste 165",ID,83616,3,10
Namaste Markets and Restaurant,Boise,7100 W Fairview Ave,ID,83704,4.5,9
Blue Sky Bagels,Meridian,"3161 E Fairview Ave, Ste 130",ID,83642,4,54
Chapala Mexican Restaurant,Boise,3447 Chinden Ave,ID,83705,4,20
MickeyRay's,Boise,2329 Apple St,ID,83706,3,7
The Sunrise Cafe Boise,Boise,7135 W State St,ID,84714,4,41
Smoky Mountain Pizzeria Grill,Boise,415 East Parkcenter Blvd,ID,83706,3,70
Jim's Coffee Shop,Boise,812 W Fort St,ID,83702,4,12
Good Burger,Boise,350 N Milwaukee St,ID,83704,3,26
Carl's Jr,Boise,493 N Milwaukee St,ID,83704,1.5,22
Rockie's Diner,Boise,3900 W Overland Rd,ID,83705,3,100
Bridge Cafe,Boise,123 N 6th St,ID,83702,4.5,6
Red Bench Pizza,Eagle,"2826 S Eagle Rd, Ste 100",ID,83616,3.5,79
Happy Teriyaki,Boise,"6580 S Federal Way, Ste 160",ID,83716,4,23
Masala Bistro,Boise,8053 W Emerald St,ID,83704,3.5,101
Smashburger,Boise,7610 W State St,ID,83714,2.5,31
Bar Gernika,Boise,202 S Capitol Blvd,ID,83702,4.5,330
Shige Teriyaki,Meridian,"450 S Meridian Rd, Ste 15",ID,83642,3,8
Yokozuna Teriyaki,Boise,276 N 8th St,ID,83702,3.5,11
Chateau Des Fleurs,Eagle,176 S Rosebud Ln,ID,83616,4.5,19
Burger King,Boise,1121 S Broadway,ID,83706,2,7
Willi B's Saloon,Boise,12505 W Chinden Blvd,ID,83713,4,33
Meraki-Greek Street Food,Boise,345 S 8th St,ID,83702,4.5,224
Blaze Pizza,Meridian,2206 North Eagle Rd,ID,83646,4,177
Gluten Free Galaxy,Boise,4531 W Alpine St,ID,83705,5,17
Einstein Bros Bagels,Boise,"3201 W Airport Way, Ste 1000",ID,83705,2,95
Idaho Pizza Company,Eagle,78 E Eagle River,ID,83616,4,85
Sun Ray Cafe,Boise City,1602 N 13th St,ID,83702,3,71
China Wok,Meridian,993 S Progress Ave,ID,83642,3,13
KJ's American Grille,Meridian,1565 S Meridian Rd,ID,83642,3.5,50
Chick-fil-A,Boise,8000 W Franklin Rd,ID,83709,4,51
Calle 75 Downtown,Boise,110 N 11th St,ID,83702,3.5,97
Taco Time,Meridian,785 S Progress Ave,ID,83642,1.5,24
Pueblo Lindo,Meridian,"3327 N Eagle Rd, Ste 170",ID,83646,4,174
Fuddruckers,Meridian,3421 N. Eagle Rd,ID,83646,3,16
Varsity Pub,Meridian,"1441 N Eagle Rd, Ste 200",ID,83642,2.5,27
Jimmy John's,Meridian,"2951 E Overland Rd, Ste. 100",ID,83642,3,25
Wendy's,Boise,1180 Broadway,ID,83706,2,15
Taste of Nigeria African Cuisine,Boise,6910 W Fairview Ave,ID,83704,4.5,11
TradeViet Specialty Foods,Boise,10539 W Overland Rd,ID,83709,3.5,38
Red Lobster,Boise,550 N Milwaukee St,ID,83704,3.5,104
Panda Express,Garden City,6675 N. Glenwood St.,ID,83714,3,24
T.G.I. Friday's,Boise,600 N Milwaukee St,ID,83704,3,9
Bob's Texas BBQ,Boise,9990 W State St,ID,83714,4,13
Old Chicago Pizza & Taproom,Boise,730 W Idaho St,ID,83702,3.5,105
Denny's,Boise,2580 Airport Way,ID,83705,2.5,74
Carl's Jr,Garden City,4999 Glenwood St,ID,83714,1.5,10
Moxie Java Bistro,Garden City,4990 W Chinden Blvd,ID,83714,3,25
Gaston's Bakery,Boise,3651 W Overland Rd,ID,83705,4.5,36
Europe Delicious Bakery and Grocery,Boise,9958 W Fairview Ave,ID,83704,5,5
McDonald's,Meridian,3100 E Magic View Dr,ID,83642,1.5,23
Moxie Java and More,Boise,10650 W Overland Rd,ID,83709,4,7
Base Camp Pong + Axe,Boise,815 W Ann Morrison Park Dr,ID,83706,4.5,53
Gyro Shack,Boise,5602 W State St,ID,83703,4,67
Moon's Kitchen Cafe,Boise,712 W Idaho St,ID,83702,4,189
Chick-fil-A,Meridian,2012 N Eagle Rd,ID,83646,4,91
Tucanos Brazilian Grill,Boise,1388 S Entertainment Ave,ID,83709,3.5,354
Ironwood Bar & Grill,Boise,5467 N Glenwood St,ID,83714,3.5,24
Island Sushi & Ramen,Boise,8716 W Fairview Ave,ID,83704,4.5,313
Tastings Wine Market & Wine Bar,Boise,2447 S Apple St,ID,83706,3,10
Jimmy John's,Boise,2789 S Broadway Ave,ID,83706,2.5,8
Pita Pit,Boise,746 Main St,ID,83702,3,19
The Local,Boise,5616 W State St,ID,83703,4,86
Juniper,Boise,211 N 8th St,ID,83702,4,411
Schnitzel Garten,Eagle,1225 E Winding Creek Dr,ID,83616,4,193
Mo' Bettahs Hawaiian Style Food,Meridian,3223 E Louise Dr,ID,83642,4,109
Certified Kitchen + Bakery,Boise,1511 N 13th St,ID,83702,4.5,93
Noodle Korea,Boise,2325 S Apple St,ID,83706,3.5,28
Locavore,Boise,3110 S Bown Way,ID,83706,3.5,134
Dairy Queen,Garden City,5251 Glenwood Rd,ID,83714,2,19
Grind Modern Burger,Eagle,"78 Eagle River St, Ste 165",ID,83616,3,17
Bombay Grill,Boise,928 W Main St,ID,83702,4,192
Shari's - Boise,Boise,8521 W Franklin Rd,ID,83709,2.5,63
The Wylder,Boise,501 W Broad St,ID,83702,4.5,303
Five Guys,Meridian,2830 N Eagle Rd,ID,83646,3.5,72
Crush Wine Bar & Tapas,Eagle,78 Eagle River,ID,83616,3.5,7
Vina Vietnamese Restaurant,Meridian,1534 N Main St,ID,83642,3,31
Burger Express,Boise,6615 Fairview Ave,ID,83704,2.5,7
Senor Fresh Mexican Eatery,Boise,"12375 W Chinden Blvd, Ste F",ID,83713,3.5,23
Jack in the Box,Boise,6300 N Eagle Rd,ID,83713,2,17
Firehouse Pub & Grill,Meridian,1767 W Franklin Rd,ID,83642,2.5,40
Casa Blanca Cuban Grill,Boise,5506 W Overland Rd,ID,83705,4.5,331
Cafe Rio Mexican Grill,Eagle,396 S Eagle Rd,ID,83616,2,73
El Tenampa,Meridian,906 N Main St,ID,83642,3.5,94
Q's Billiards & Eatery,Boise,6570 W Fairview Ave,ID,83704,3.5,17
Fort Street Station,Boise,808 W Fort St,ID,83702,4,48
Hugo's Deli,Boise,10599 W Overland Rd,ID,83709,3.5,59
Al-Sham Restaurant,Boise,201 W Boise Ave,ID,83706,4,19
Mai Thai,Boise,750 W Idaho St,ID,83702,4,462
Brother Brown's Underground,Boise,1118 W Idaho St,ID,83702,4.5,38
Andrade's Restaurante Mexicano,Boise,4620 W Overland Rd,ID,83705,4,228
IOU Sushi,Boise,1517 N Milwaukee St,ID,83704,2.5,130
Outback Steakhouse,Boise,7189 Overland Rd,ID,83709,3,141
Entreat,Meridian,"2845 E Overland Rd, Ste 100",ID,83642,3.5,6
Vietnamese Restaurant,Boise,5827 W Franklin Rd,ID,83709,4,20
Pie Hole,Meridian,916 N Main St,ID,83642,3.5,24
Fujiyama Restaurant,Meridian,1701 E Fairview Ave,ID,83642,4.5,122
Sonic Drive-In,Meridian,4936 Linder Rd,ID,83646,1.5,46
Arid Club,Boise,1137 W River St,ID,83702,4.5,6
The Huddle Sports Bar & Grill,Boise,205 N 10th St,ID,83702,3,7
Off the Grid Pizza,Boise,,ID,83706,5,13
Prost! Boise,Boise,274 N 8th St,ID,83702,4,126
Trillium,Boise,245 S Capitol Blvd,ID,83702,4.5,154
TOGO'S Sandwiches,Meridian,"2970 N Eagle Rd, Ste 100",ID,83646,3,43
Roghani’s Restaurant,Eagle,176 S Rosebud Ln,ID,83616,4.5,28
Panda Express,Meridian,"4865 N. Ten Mile Rd, Suite 100",ID,83646,2,39
Owyhee Plaza Hotel,Boise,1109 W Main St,ID,83702,3,9
KB's Burrito,Meridian,"3240 E Louise Dr, Ste 110",ID,83642,3.5,12
Ben's Crow Inn,Boise,6781 Warm Springs Ave,ID,83716,3.5,28
Allegrezza's Italian Cuisine,Boise,1204 S Vista Ave,ID,83705,4.5,51
The Basque Market,Boise,608 W Grove St,ID,83702,4.5,170
Momo - Food Of The Himalayas,Meridian,"3223 E Louise Dr, Ste 106",ID,83642,4.5,83
Angell's Bar & Grill,Boise,999 W Main St,ID,83702,3.5,25
The Kilted Kod,Boise,,ID,83709,4,78
Jumpin Janet's,Boise,574 S Vista Ave,ID,83705,4,52
Crooked Fence,Garden City,5242 Chinden Blvd,ID,83714,3.5,8
Rotary Sushi,Boise,10506 W Fairview Ave,ID,83704,3.5,133
Slyce Box,Kuna,1353 N Meridian Rd,ID,83634,3.5,11
Corner Bakery Cafe,Meridian,3680 East Fairview Ave,ID,83642,3.5,52
Jades Chopstick,Boise,"6970 W State St, Ste 18",ID,83714,2.5,7
Palm Arabic,Boise,201 W Boise Ave,ID,83706,4.5,39
Winger's Grill & Bar,Meridian,1701 E Fairview Ave,ID,83642,3.5,11
European Delicatessen,Meridian,950 E Fairview Ave,ID,83642,3.5,15
Costa Vida Fresh Mexican Grill,Boise,1666 S Entertainment Ave,ID,83709,4,8
Kana Girl's Hawai'ian BBQ,Boise,3912 W State St,ID,83703,4,17
Brewforia Beer Market,Eagle,"78 Eagle River St, Ste 165",ID,83616,4,17
California Mexican Food,Boise,10889 W Fairview Ave,ID,83713,3.5,122
The Egg Factory,Boise,8061 Fairview Ave,ID,83704,3.5,122
Pollo Rey Mexican Rotisserie,Boise,222 N 8th St,ID,83702,3.5,42
Crescent Public House,Boise,5500 W Franklin Rd,ID,83705,3.5,5
Tarbush Kitchen,Boise,5749 W Overland Rd,ID,83705,4.5,63
Denny's,Meridian,3155 E Fairview Ave,ID,83642,2,88
Pair Restaurant,Boise,601 Main St,ID,83717,3.5,7
Taco Del Mar,Boise,"13613 W McMillan Rd, Ste 105",ID,83713,2.5,16
Bob's Sunrise Cafe,Boise,6801 S Federal Way,ID,83716,3,9
Kana Girl's Hawai'ian BBQ,Meridian,1735 W Franklin Rd,ID,83642,3,15
Highlands Hollow Brewhouse,Boise,2455 N Highlands Holw,ID,83702,4,127
Idaho Pizza Company,Boise,3053 S Cole Rd,ID,83709,3.5,51
Off Broadway Deli,Boise,3369 S Federal Way,ID,83705,4.5,61
Casanova Pizzeria,Boise,1204 S Vista Ave,ID,83705,4.5,51
Siam Thai Restaurant,Boise,590 E Boise Ave,ID,83706,3,27
McDonald's,Boise,1375 S Broadway Ave,ID,83706,2.5,16
Dave & Buster's,Boise,546 N Milwaukee St,ID,83704,3,101
Leku Ona,Boise,117 S 6th St,ID,83702,3,141
Gils K9 Bar,Boise,2506 W Main St,ID,83702,4.5,35
Tropical Smoothie Cafe,Boise,777 W Main St,ID,83702,4.5,10
On a Roll Deli,Eagle,257 E State St,ID,83616,4.5,42
MOD Pizza,Boise,600 N Milwaukee St,ID,83704,3.5,22
Pauly's Bar Room,Meridian,130 E Idaho Ave,ID,83642,4.5,32
Little Caesars Pizza,Boise,1471 N Milwaukee St,ID,83704,2,8
The Lively,Boise,505 W Bannock St,ID,83702,4,39
Boise Co-op North End,Boise,888 W Fort St,ID,83702,4,120
Yen Ching Bakery,Boise,305 N 9th St,ID,83702,4.5,9
Clean Juice,Boise,"7546 W State St, Ste 120",ID,83714,4,11
El Gallo Giro,Garden City,5285 Glenwood St,ID,83714,3.5,101
Buffalo Wild Wings,Meridian,3223 East Louise Dr,ID,83646,2.5,176
Wendy's,Meridian,3140 E. Florence,ID,83642,2,16
Riverside Grill,Boise,2900 W Chinden Blvd,ID,83714,3.5,33
Legacy Feed and Fuel,Meridian,3100 S Meridian Rd,ID,83642,4.5,6
Pizza Pie Cafe,Boise,2757 S Broadway,ID,83706,4,67
Country Donuts,Boise,10358 W Overland Rd,ID,83709,4,90
Chicago Connection - Downtown,Boise,310 N 4th St,ID,83702,3.5,49
Baguette Deli,Boise,5204 W Franklin Rd,ID,83705,4,207
Arby's,Boise,3500 S Findley Ave,ID,83705,2.5,10
Bacquet's Restaurant,Eagle,"1117 E Winding Creek Dr, Ste 150",ID,83616,4.5,190
McDonald's,Boise,6574 S Federal Way,ID,83716,2.5,17
Cross Grain On The Go,Boise,"3201 W Airport Way, Ste 1000",ID,83705,4,6
Santoras Pizza Subs & Wings,Meridian,"2032 E Overland Rd, Ste 115",ID,83642,4.5,23
Taco Bell,Boise,4115 Broadway Ave,ID,83705,2.5,10
Paddles Up Poke - 9th St,Boise,237 N 9th St,ID,83702,4.5,207
Fuddruckers,Boise,1666 S. Entertainment Blvd.,ID,83709,3.5,5
Papa Murphy's,Meridian,2723 South Bartlett Ave,ID,83642,3,10
Subway,Boise,"1265 S Capitol Blvd, Ste 103",ID,83706,2.5,7
Los Mariachis,Boise,6565 W Fairview Ave,ID,83704,3.5,38
The Gyro House,Boise,6631 W Ustick Rd,ID,83704,3,9
Coffee Studio,Boise,8205 W Rifleman St,ID,83704,4.5,69
Mala Luna,Boise,624 W Idaho St,ID,83702,5,15
Subway,Boise,1106 W State St,ID,83702,2.5,11
36th Street Bistro,Boise,3823 N 36th St,ID,83703,3.5,90
Blaze Pizza,Eagle,"4363 W Grey Fox St, #115",ID,83616,3,34
McDonald's,Boise,4825 N Glenwood St,ID,83714,2,9
Del Taco,Boise,5008 W Franklin Rd,ID,83705,2.5,30
Panda Express,Boise,350 N. Milwaukee,ID,83704,3.5,6
Cafe Ole,Meridian,3284 E Pine Ave,ID,83642,2.5,86
Willowcreek Grill & Raw Sushi,Boise,"205 N 10th St, Ste 110",ID,83702,4.5,11
Taco Bell,Meridian,645 S Main St,ID,83642,1.5,38
Denidav,Meridian,"3223 East Louise Dr, Ste 102",ID,83642,4.5,23
Applebee's Grill + Bar,Meridian,1460 N Eagle Rd,ID,83642,2.5,59
KB's Burritos Eagle,Eagle,"2794 S Eagle Rd, Ste 160",ID,83616,4,40
Pizza Hut,Boise,4506 W Overland Rd,ID,83705,3,6
The Counter Meridian,Meridian,3505 E Monarch Sky Ln,ID,83646,3,171
Mb Sandwich House,Boise,4510 W Overland Road,ID,83705,4.5,17
Cancun Mexican Restaurant,Boise,6919 W Overland Rd,ID,83709,3.5,36
Beans & Brews Coffeehouse,Boise,6520 South Eisenman Rd,ID,83716,4,11
Blue Tiger Pizza,Meridian,1435 N Eagle Rd,ID,83642,4,49
SkyVue Grill,Boise,4822 Fairview Ave,ID,83706,4,12
Mancino's Pizza And Grinders,Boise,6564 S Federal Way,ID,83716,3.5,30
Great Wall Restaurant,Meridian,2590 N Eagle Rd,ID,83646,2,90
Flying Pie Pizzaria,Meridian,601 S Main St,ID,83642,3,160
Taco Del Mar,Eagle,"2976 E State St, Ste 100",ID,83616,3.5,23
Zeppole Downtown Cafe,Boise,217 N 8th St,ID,83702,4,34
McGrath's Fish House,Boise,1749 S Cole Rd,ID,83709,2.5,153
ā café,Boise,109 S 10th St,ID,83702,5,48
The Mode Lounge,Boise,800 W Idaho St,ID,83702,4,75
Boise Bistro Market,Boise,6103 W Fairview Ave,ID,83704,4.5,33
Mekong Fresh Noodle & Grill,Meridian,"520 S Meridian Rd, Ste 110",ID,83642,3.5,30
Buffalo Wild Wings,Boise,777 West Main St,ID,83702,2,69
Ram Restaurant & Brewery,Meridian,3272 E Pine Ave,ID,83642,3,146
Proto's Pizza,Boise,345 S 8th St,ID,83702,4,50
Fish Poké Bar,Meridian,"2032 E Overland Rd, Ste 100",ID,83642,3.5,41
Duck Donuts,Meridian,"2126 N Eagle Rd, Ste 140",ID,83646,4.5,40
Ram Restaurant & Brewery,Boise,709 E Park Blvd,ID,83712,3,206
Pho Nouveau,Boise,780 W Idaho St,ID,83702,4,217
High Note,Boise,225 N 5th St,ID,83702,4.5,156
Boise Juice Company,Eagle,"2794 S Eagle Rd, Ste 100",ID,83616,4.5,30
Baskin-Robbins,Boise,4740 W State St,ID,83703,2.5,11
Solid Grill and Bar,Boise,405 S 8th St,ID,83702,3.5,187
Souper Salad,Meridian,"3327 North Eagle Rd, Ste 170",ID,83646,3,37
Barbacoa Grill,Boise,276 W Bobwhite Ct,ID,83706,4,1099
Alpine Pizza,Boise,7330 W State St,ID,83714,4,21
Ramen House,Meridian,"3327 N Eagle Rd, Ste 165",ID,83642,4.5,69
MOD Pizza,Boise,390 S Capitol Blvd,ID,83702,3.5,42
Big City Coffee,Boise,3201 Airport Way,ID,83705,3.5,15
Panda Express,Kuna,"1309 N. Jacksonmill Ave., N Meridian Rd & E Deer Flat Rd",ID,83634,3.5,7
Culver's,Meridian,3494 E Tecate Ln,ID,83646,3.5,94
Mongolian BBQ,Boise,6920 W State St,ID,83714,3,8
Bardenay,Boise,3201 W Airport Way,ID,83705,3.5,76
Starbucks,Boise,1100 Broadway Ave,ID,83706,3,22
Matlack’s,Boise,217 S 11th St,ID,83702,5,6
Ahi Sushi Bar,Eagle,1193 E Winding Creek Dr,ID,83616,4,113
Cobby's,Boise,1030 Broadway Ave,ID,83706,3.5,19
Magnificent Garden,Boise,980 N Milwaukee St,ID,83704,3.5,116
Edge Brewing Pub On 10th,Boise,205 N 10th St,ID,83702,4.5,29
Noodles & Company,Boise,1233 S Broadway Ave,ID,83706,3,22
Arby's,Meridian,1270 N Eagle Rd,ID,83642,3,11
EDGE Brewing Co,Boise,525 N Steelhead Way,ID,83704,4,413
Mongolian of Eagle,Eagle,362 S Eagle Rd,ID,83616,4,45
Eagle Hills Golf Course,Eagle,605 N Edgewood Ln,ID,83616,3,7
Cobby's Sandwich Shop,Boise,6899 W Overland Rd,ID,83709,3.5,48
Hugo's Deli,Meridian,"6233 N Linder Rd, Ste 140",ID,83646,4,28
Mr. Wok,Boise,650 S Vista Ave,ID,83705,4,187
Famous Dave's Bar-B-Que,Meridian,3510 N Eagle Rd,ID,83646,3,77
San Francisco Style Sourdough Eatery - Boise,Boise,8073 W Emerald St,ID,83704,4,72
Fresh Betty Spaghetti,Meridian,1830 E Fairview Ave,ID,83642,3.5,13
McDonald's,Meridian,195 E Central Dr,ID,83642,3.5,9
Sweeto Burrito,Meridian,"3110 W Quintale Dr, Ste 100",ID,83646,3.5,44
Chronic Tacos,Meridian,3240 E Louise Dr,ID,83642,2.5,7
Subway,Boise,6454 S Federal Way,ID,83716,2.5,6
Burger King,Meridian,4051 E Fairview Ave,ID,83642,1.5,8
Panda Express,Boise,1124 N. Milwaukee,ID,83709,3,15
SlyceBox,Meridian,916 N Main St,ID,83642,3.5,35
Lucky Fins Seafood Grill,Meridian,1441 N Eagle Rd,ID,83642,4,346
Moxie Java,Garden City,9275 W Chinden Blvd,ID,83714,2,5
Rumbi Island Grill,Meridian,3340 N Eagle Rd,ID,83646,3.5,80
Coffee Mill,Boise,4979 E Warm Springs Ave,ID,83716,4,28
Village Coffee and Bistro,Boise,7709 W Overland Rd,ID,83709,2,7
Russian Bear Cafe,Eagle,600 S Rivershore Ln,ID,83616,4.5,26
Wingstop,Meridian,3340 N Eagle Rd,ID,83646,3,74
Coned Pizza,Boise,103 North 10th St,ID,83702,4.5,5
Sizzler,Meridian,3380 N Eagle Rd,ID,83646,3.5,49
El Gallo Giró Mexican Restaurant,Meridian,1435 N Eagle Rd,ID,83642,3.5,44
Tony G's Boise,Meridian,2900 W Excursion Ln,ID,83642,4,9
Cheerleaders Sports Grill,Boise,815 West Ann Morrison Park Dr,ID,83706,1.5,24
Goodwood Barbecue Restaurant,Boise,7849 W Spectrum St,ID,83709,4,304
Donut Daze,Boise,160 N 8th St,ID,83702,3,25
Boise Ranch Golf Course,Boise,6501 S Cloverdale Rd,ID,83709,3,13
McDonald's,Meridian,3251 E Ustick Rd,ID,83646,3,15
Brown Shuga Soul Food,Boise,24th & Fairview Ave,ID,83702,3.5,18
Pizzalchik,Boise,7330 W State St,ID,83703,3,132
Gaucho's,Boise,"Boise Town Square Mall, 350 N Milwaukee",ID,83704,4.5,8
Starbucks,Boise,8077 Franklin Rd,ID,83709,3.5,29
Scotty's Hot Dogs,Boise,,ID,83709,5,15
Joe's Crab Shack,Boise,2288 N Garden St,ID,83706,3,141
Domino's Pizza,Meridian,1701 W Cherry Ln,ID,83642,3,25
The Piper Pub & Grill,Boise,"150 N 8th St, Ste 200",ID,83702,3,84
Sodalicious,Meridian,"4698 N Linder Rd, Ste 100",ID,83646,3.5,12
Corona Village Mexican Restaurant,Meridian,21 E Fairview Ave,ID,83642,3.5,67
Arby's,Boise,989 N Milwaukee St,ID,83704,2.5,11
Jersey Mike's Subs,Meridian,"1511 W Mcmillan Rd, Ste 170",ID,83646,3,25
QDOBA Mexican Eats,Meridian,"3319 N Eagle Rd, Ste 100",ID,83646,3,26
Big K BBQ,Garden City,3409 W Chinden Blvd,ID,83714,4.5,13
Cobby's Sandwich Shop,Garden City,4348 W Chinden Blvd,ID,83714,3.5,47
Omakase Umi,Meridian,2900 W Excursion Ln,ID,83642,3.5,6
Sandbagger Grill Boise Ranch,Boise,6501 S Cloverdale Rd,ID,83709,4,11
Great Steak,Boise,"350 N Milwaukee St, Ste 2020",ID,83704,4.5,7
KFC,Boise,8440 W Overland Rd,ID,83709,1.5,34
Shady Acres Cafe,Eagle,4150 W State St,ID,83616,3,13
Panda Express,Boise,601 W. Front St.,ID,83702,3,25
Westside Drive-in,Boise,1929 W State St,ID,83702,3.5,237
Johnny Carino's,Meridian,3551 E Fairview Ave,ID,83642,2.5,111
MickeyRay's,Boise,980 N Milwaukee St,ID,83704,3,61
The Original Sunrise Cafe,Meridian,805 N Main St,ID,83642,3.5,81
RiceWorks - Meridian,Meridian,3635 E Longwing Ln,ID,83646,4,68
Carl's Jr,Eagle,3004 E State St,ID,83616,2,11
Castle Ranch Steakhouse,Boise,3300 S Vista Ave,ID,83705,2.5,28
Good Burger,Meridian,"3143 E Magic View Dr, Ste 130",ID,83642,3,27
Taco Bell,Boise,1420 Broadway,ID,83706,2,54
Blimpie,Boise,"9140 W Emerald St, Ste 950",ID,83704,3.5,13
Jimmy John's,Boise,8753 W Overland Rd,ID,83709,2.5,14
Rumbi Island Grill,Boise,8675 W Franklin Rd,ID,83709,3.5,29
Fiesta Chicken,Boise,1450 S Orchard St,ID,83705,4,40
Cafe Rio Mexican Grill,Boise,8233 W Franklin Rd,ID,83709,2.5,185
Biscuit & Hogs,Meridian,2032 E Overland Rd,ID,83642,3.5,207
Taqueria La Flama,Boise,1680 N Westland Dr,ID,83704,4.5,199
The Fixx,Boise,224 N 10th Ave,ID,83702,4,9
ÀLAVITA,Boise,807 W Idaho St,ID,83702,4,305
Gangnam,Boise,303 N Orchard St,ID,83706,4,93
Parrilla Grill,Boise,1512 N 13th St,ID,83702,3,139
Papa Murphy's,Boise,4626 North Eagle Road,ID,83713,3.5,9
Bronco Tacos,Boise,2455 Broadway Ave,ID,83706,5,5
Poppy Seed Cafe,Boise,"3910 Hill Rd, Ste 102",ID,83703,4.5,23
Mongolian Grill & Bar,Boise,801 W Bannock St,ID,83702,4,11
Little Caesars Pizza,Boise,10689 W Ustick Rd,ID,83713,3,6
Paddles Up Poké - Meridian,Meridian,"3690 E Monarch Sky Ln, Ste 135",ID,83646,4.5,21
Fiesta Guadalajara,Boise,3552 S Findley Ave,ID,83705,3,38
Rice Contemporary Asian Cuisine,Eagle,"228 E Plaza St, Ste Q",ID,83616,3.5,156
La Crepe Boise,Meridian,,ID,83646,4.5,6
Waffle Love,Meridian,"4698 N Linder Rd, Ste 110",ID,83646,4,75
Mongolian Bbq,Boise,350 N Milwaukee St,ID,83704,3.5,6
Happy Teriyaki - Eagle,Eagle,664 S Rivershore Ln,ID,83616,4,74
BACON,Boise,121 N 9th St,ID,83702,3.5,339
Ha' Penny Bridge Pub,Boise,"855 Broad St, Ste 250",ID,83702,3.5,104
Tap & Cask,Boise,1555 S Broadway Ave,ID,83706,3,41
Wok King Chinese Resturant,Boise,2146 Broadway Ave,ID,83706,2.5,17
Papa John's Pizza,Meridian,"1800 S. Meridian Ste. 103, Ste 103",ID,83642,2.5,9
Kahootz Steak & Alehouse,Meridian,1603 N Main St,ID,83646,4.5,400
Pizza Hut,Boise,2802 W State St,ID,83702,2.5,10
Tony's Pizzeria Teatro,Boise,105 N Capitol Blvd,ID,83702,4.5,142
Great Harvest Bread Co,Boise,5608 W Fairview Ave,ID,83706,4.5,52
Banbury Golf Club,Eagle,2626 S Marypost Pl,ID,83616,3.5,15
The Ranch Club,Garden City,3544 W Chinden Blvd,ID,83714,3.5,23
Torch the-A Gentlemen's Club,Boise,1826 W Main St,ID,83702,3,12
Fresh Off The Hook,Boise,507 N Milwaukee St,ID,83704,3.5,169
Flame Broiler,Meridian,"1735 W Chinden Blvd, Ste 140",ID,83646,4,39
Wiseguy Pizza Pie,Boise,570 Main St,ID,83702,4,71
The Matador,Boise,215 N 8th St,ID,83702,4,422
Papa Murphy's,Eagle,"228 East Plaza Street, Suite L",ID,83616,3.5,11
The Cheesecake Factory,Boise,330 N Milwaukee,ID,83704,3,289
Bang On The Wall Burgers,Boise,Orchard St,ID,83705,2,7
Sushi Joy,Boise,2275 W Main St,ID,83702,3.5,111
Popeyes Louisiana Kitchen,Meridian,3671 East Fairview Avenue,ID,83642,2.5,41
Wild Bill's Barbeque,Meridian,"1551 W Cherry Ln, Ste 102",ID,83642,3,7
El Tenampa,Boise,7802 W Spectrum St,ID,83709,3,81
Fujiyama,Boise,283 N Milwaukee St,ID,83704,4,178
Focaccias,Boise,404 E Parkcenter Blvd,ID,83706,4,8
Black Bear Diner,Boise,7530 W State St,ID,83714,3,97
Smashburger,Boise,8247 W Franklin Rd,ID,83709,3.5,114
Boise Fry Company,Boise,6944 W State St,ID,83714,4,121
Rise & Grind,Boise,211 S 6th St,ID,83702,4.5,20
Papa's Cup of Joe,Boise,1301 S Capitol Blvd,ID,83706,4.5,10
Happy Fish Sushi,Boise,855 W Broad St,ID,83702,3,63
Burnt Lemon Grill,Meridian,1735 W Chinden Blvd,ID,83646,4,14
R&R Public House,Meridian,"1626 S Wells Ave, Ste 115",ID,83642,3.5,15
On the Fly Deli,Boise,"800 W Main St, Ste 200",ID,83702,4,24
Pita Pit,Meridian,3030 E Overland Rd,ID,83642,2.5,34
WilliB's Sandwich Saloon,Boise,225 N 5th St,ID,83702,4,11
Java Downtown Boise,Boise,"223 N 6th St, Ste 110",ID,83702,4,86
Panda Express,Meridian,1500 North Eagle Rd.,ID,83642,3,24
MakyJames Grill ,Boise,11331 W Chinden Blvd,ID,83714,4,6
Caffe Luciano's,Garden City,3588 N Prospect Way,ID,83714,4,125
Murph's Corner Brew,Boise,"7709 W Overland Rd, Ste 160",ID,83709,4,36
Coned Pizza,Meridian,"2976 E Overland Rd, Ste 110",ID,83642,4.5,83
Cinnaholic,Meridian,3693 E Longwing Ln,ID,83646,4,82
Chick-fil-A,Boise,300 S Broadway Ave,ID,83702,4,63
Taco Bell,Boise,3377 West State,ID,83703,2,22
Big Bun Drive In,Boise,5816 W Overland Rd,ID,83709,3.5,157
Jade Horse Restaurant,Meridian,48 E Fairview Ave,ID,83642,3.5,7
Garbonzos Pizza,Boise,10497 W Lake Hazel Rd,ID,83709,4,34
Papa Murphy's,Boise,6940 West State Street,ID,83714,3,5
The Chef's Hut,Boise,164 S Cole Rd,ID,83709,4,106
Caffe D'arte - Boise,Boise,860 W Broad St,ID,83702,4.5,24
Siam Orchid Thai Restaurant & Sushi Bar,Boise,8716 W Fairview,ID,83704,4,56
